"RazaoSocial";"UF";"Total_Despesas";"Media_Trimestral";"Desvio_Padrao"
"BRADESCO SAÚDE S.A.";"RJ";"282936357877.56";"94312119292.52";"50012452639.78314"
"SUL AMERICA COMPANHIA DE SEGURO SAÚDE";"RJ";"202842663097.02";"67614221032.34";"35855285975.24756"
"AMIL ASSISTÊNCIA MÉDICA INTERNACIONAL S.A.";"SP";"193502567621.58";"64500855873.85999";"33707688593.30681"
"HAPVIDA ASSISTENCIA MEDICA S.A.";"CE";"91585974472.02";"30528658157.34";"16520257938.503363"
"NOTRE DAME INTERMÉDICA SAÚDE S.A.";"SP";"90457368522.36";"30152456174.12";"16203271920.082273"
"CAIXA DE ASSISTÊNCIA DOS FUNCIONÁRIOS DO BANCO DO BRASIL";"DF";"69208141115.58";"23069380371.86";"12214746501.731272"
"UNIMED NACIONAL - COOPERATIVA CENTRAL";"SP";"59478198276.18";"19826066092.06";"10288485163.785528"
"PREVENT SENIOR PRIVATE OPERADORA DE SAÚDE LTDA";"SP";"52627402305.60";"17542467435.2";"9057474505.321041"
"UNIMED BELO HORIZONTE COOPERATIVA DE TRABALHO MÉDICO";"MG";"50067970684.68";"16689323561.56";"8842366369.705908"
"PORTO SEGURO - SEGURO SAÚDE S/A";"SP";"49153297907.76";"16384432635.92";"9028917794.025043"
"UNIMED SEGUROS SAÚDE S/A";"SP";"46117418798.28";"15372472932.76";"8254275110.667185"
"UNIMED DO EST. DO RJ FEDERAÇÃO EST. DAS COOPERATIVAS MÉDICAS";"RJ";"41621573291.22";"13873857763.74";"7366179019.812382"
"GEAP AUTOGESTÃO EM SAÚDE";"DF";"36143366535.48";"12047788845.160002";"5785475200.525368"
"UNIMED PORTO ALEGRE - COOPERATIVA MÉDICA LTDA.";"RS";"32822962205.58";"10940987401.86";"5872812562.268316"
"UNIMED CURITIBA - SOCIEDADE COOPERATIVA DE MÉDICOS";"PR";"28622053554.66";"9540684518.22";"5143781755.508527"
"UNIMED CAMPINAS - COOPERATIVA DE TRABALHO MÉDICO";"SP";"28057481487.12";"9352493829.039999";"4983692192.288722"
"UNIMED DE FORTALEZA SOCIEDADE COOPERATIVA MÉDICA LTDA.";"CE";"23578121928.48";"7859373976.16";"4103089043.1295233"
"UNIMED GOIANIA COOPERATIVA DE TRABALHO MÉDICO";"GO";"21837534649.80";"7279178216.599999";"3726225271.2786126"
"OMINT SERVIÇOS DE SAÚDE S.A.";"SP";"21454124799.90";"7151374933.3";"3903323010.6256924"
"FUNDAÇÃO SAÚDE ITAÚ";"MG";"19868185774.74";"6622728591.580001";"3532971568.770196"
"GRUPO HOSPITALAR DO RIO DE JANEIRO LTDA";"RJ";"18620486954.16";"6206828984.72";"3229946273.809731"
"CARE PLUS MEDICINA ASSISTENCIAL LTDA.";"SP";"17914255168.32";"5971418389.44";"3232198877.7023726"
"UNIMED VITORIA COOPERATIVA DE TRABALHO MEDICO";"ES";"16953005973.84";"5651001991.28";"3000450621.083962"
"SERV  SOCIAL AUTÔNOMO DE ASSIST À SAÚDE DOS SERV PÚBLICOS E MILITARES DE GOIÁS";"GO";"16824536611.20";"8412268305.6";"2485065777.2951226"
"FUNDAÇÃO CESP";"SP";"14261118026.04";"4753706008.68";"2569801921.4707804"
"UNIMED BELÉM COOPERATIVA DE TRABALHO MÉDICO";"PA";"13632182482.02";"4544060827.34";"2315032597.815422"
"SAMEDIL SERVIÇOS DE ATENDIMENTO MÉDICO S/A";"ES";"13266835494.72";"4422278498.24";"2495918902.2116776"
"UNIMED RECIFE COOPERATIVA DE TRABALHO MÉDICO";"PE";"12957098499.78";"4319032833.26";"2259205756.6040363"
"FUNDAÇÃO ASSISTENCIAL DOS SERVIDORES DO MINISTÉRIO DA FAZENDA";"DF";"12430362656.40";"4143454218.7999997";"1916938973.6588764"
"UNIMED CUIABA COOPERATIVA DE TRABALHO MÉDICO";"MT";"11796412552.50";"3932137517.5";"2011529493.2304566"
"UNIMED SAO JOSÉ DO RIO PRETO - COOP. DE TRABALHO MÉDICO";"SP";"11406646287.72";"3802215429.24";"2028122383.4071007"
"UNIMED DO ESTADO DE SÃO PAULO - FEDERAÇÃO ESTADUAL DAS COOP. MÉDICAS";"SP";"11293716124.38";"3764572041.4599996";"1836326848.408819"
"UNIMED GRANDE FLORIANÓPOLIS-COOPERATIVA DE TRABALHO MEDICO";"SC";"11092904657.34";"3697634885.78";"1957659931.0974774"
"CAIXA BENEFICENTE DOS FUNCIONARIOS DO BANCO DO ESTADO DE SÃO PAULO";"SP";"10393438342.50";"3464479447.5";"1881083065.806478"
"UNIMED NATAL SOC. COOP. DE TRAB. MÉDICO";"RN";"10136355479.64";"3378785159.8799996";"1773007596.065769"
"UNIMED SOROCABA COOPERATIVA DE TRABALHO MÉDICO";"SP";"10069595682.72";"3356531894.24";"1797019351.054726"
"UNIMED SERRA GAUCHA/RS COOPERATIVA DE ASSISTENCIA A SAUDE LTDA";"RS";"9221551468.92";"3073850489.64";"1643113077.7215335"
"UNIMED MACEIO COOPERATIVA DE TRABALHO MÉDICO";"AL";"9185970405.60";"3061990135.2000003";"1555363478.65981"
"UNIMED JOAO PESSOA - COOPERATIVA DE TRABALHO MÉDICO";"PB";"9109890408.12";"3036630136.0400004";"1586746577.743951"
"UNIMED DE LONDRINA COOPERATIVA DE TRABALHO MÉDICO";"PR";"9105362565.30";"3035120855.1";"1591436144.3006353"
"HUMANA SAÚDE NORDESTE LTDA. ";"PI";"8967209003.76";"2989069667.92";"1568138896.5672777"
"UNIMED-SÃO GONÇALO - NITERÓI - SOC.COOP.SERV.MED E HOSP LTDA";"RJ";"8588803609.08";"2862934536.36";"1484651354.1050115"
"NOTRE DAME INTERMÉDICA MINAS GERAIS SAÚDE S.A.";"CE";"8322956629.26";"2774318876.42";"1468692993.339807"
"CAIXA DE ASSISTENCIA DOS SERVIDORES DO ESTADO DE MATO GROSSO DO SUL";"MS";"8216876814.36";"2738958938.12";"1391185256.1500866"
"SANTA HELENA ASSISTÊNCIA MÉDICA S/A.";"SP";"7935715585.26";"2645238528.42";"1373619019.7815797"
"UNIMED DE SANTOS COOP DE TRAB MEDICO";"SP";"7648217182.86";"2549405727.62";"1349575350.1545403"
"UNIMED CAMPO GRANDE MS COOPERATIVA DE TRABALHO MÉDICO";"MS";"7577601312.78";"2525867104.2599998";"1308001939.2030184"
"UNIMED REGIONAL MARINGÁ COOP.DE TRABALHO MÉDICO";"PR";"7202207059.62";"2400735686.54";"1274077649.9440234"
"UNIMED DE RIBEIRAO PRETO - COOPERATIVA DE TRABALHO MÉDICO";"SP";"7184593495.80";"2394864498.6";"1260808565.4195535"
"CENTRO TRASMONTANO DE SAO PAULO";"SP";"7174617388.80";"2391539129.6";"1249875633.323366"
"SAMP ESPIRITO SANTO ASSISTENCIA MEDICA SA";"ES";"6784203396.18";"2261401132.06";"1182188371.3869002"
"CLINIPAM CLINICA PARANAENSE DE ASSISTENCIA MEDICA LTDA";"CE";"6582489643.86";"2194163214.62";"1188351680.8175635"
"UNIMED UBERLÂNDIA COOPERATIVA REGIONAL TRABALHO MÉDICO LTDA";"MG";"6457883791.98";"2152627930.66";"1095780425.3495426"
"ODONTOPREV S/A";"SP";"6415702170.36";"2138567390.12";"1141555970.393582"
"UNIMED BLUMENAU - COOPERATIVA DE TRABALHO MEDICO";"SC";"6374365260.66";"2124788420.22";"1138804485.2330751"
"ASSOCIAÇÃO DE BENEFICÊNCIA E FILANTROPIA SÃO CRISTOVÃO";"SP";"6191810708.58";"2063936902.86";"1053895980.0477877"
"FUNDAÇÃO SÃO FRANCISCO XAVIER";"MG";"5991977139.12";"1997325713.04";"1075269976.6624093"
"UNIMED SAO JOSE DOS CAMPOS - COOPERATIVA DE TRABALHO MEDICO";"SP";"5851429249.44";"1950476416.4799998";"1016234307.8409041"
"UNIMED DO ESTADO DO PARANÁ FEDERAÇÃO ESTADUAL DAS COOPERATIVAS MÉDICAS";"PR";"5776571298.54";"1925523766.18";"1031875832.180782"
"UNIMED DE PIRACICABA SOCIEDADE COOPERATIVA DE SERVIÇOS MÉDICOS";"SP";"5648213447.22";"1882737815.74";"982550953.444385"
"UNIMED DO ESTADO DE SANTA CATARINA FED. EST. DAS COOP. MÉD.";"SC";"5440149135.18";"1813383045.0600002";"978380696.8302321"
"UNIMED DE JOINVILLE COOPERATIVA DE TRABALHO MÉDICO";"SC";"5297501080.86";"1765833693.62";"918979252.0330753"
"UNIMED - COOPERATIVA DE SERVIÇOS DE SAÚDE DOS VALES DO TAQUARI E RIO PARDO LTDA.";"RS";"5206011653.88";"1735337217.96";"921171646.2067227"
"UNIMED DIVINOPOLIS - COOPERATIVA DE TRABALHO MEDICO LTDA";"MG";"5096452255.62";"1698817418.54";"931817242.8760581"
"CEMIG SAÚDE";"MG";"5050069173.12";"1683356391.04";"869184250.9815402"
"SINDIFISCO NACIONAL - SINDICATO NACIONAL DOS AUDITORES-FISCAIS DA RECEITA FEDERAL DO BRASIL";"DF";"4973406391.02";"1657802130.3400002";"812721822.0739055"
"UNIMED TERESINA - COOPERATIVA DE TRABALHO MÉDICO";"PI";"4956486072.48";"1652162024.1599998";"887966846.4873289"
"UNIMED SERGIPE - COOPERATIVA DE TRABALHO MÉDICO";"SE";"4931047651.62";"1643682550.54";"811841133.168498"
"UNIMED JUIZ DE FORA COOPERATIVA DE TRABALHO MÉDICO LTDA";"MG";"4792602205.68";"1597534068.5600002";"833509310.3618599"
"UNIMED LITORAL COOPERATIVA DE TRABALHO MÉDICO LTDA";"SC";"4703765322.18";"1567921774.0600002";"843479802.9316936"
"UNIMED DE BAURU COOPERATIVA DE TRABALHO MÉDICO";"SP";"4653272164.02";"1551090721.3400002";"826144204.5644749"
"UNIMED SÃO CARLOS - COOPERATIVA DE TRABALHO MÉDICO";"SP";"4575005714.70";"1525001904.8999999";"785549192.9356567"
"UNIMED DE CASCAVEL COOPERATIVA DE TRABALHO MÉDICO";"PR";"4551311357.88";"1517103785.96";"800200075.284672"
"ASSOCIAÇÃO SANTA CASA SAÚDE DE SÃO JOSÉ DOS CAMPOS";"SP";"4376491936.92";"1458830645.64";"759645983.3426034"
"PLANO HOSPITAL SAMARITANO LTDA";"SP";"4284668570.40";"1428222856.8";"730450306.8653182"
"UNIMED DE PRESIDENTE PRUDENTE COOPERATIVA DE TRAB. MÉDICO";"SP";"4155107712.90";"1385035904.3";"768708985.4374999"
"PASA - PLANO DE ASSISTENCIA A SAUDE DO APOSENTADO DA VALE";"RJ";"4131151603.26";"1377050534.42";"736988492.962803"
"UNIMED JUNDIAI - COOPERATIVA DE TRABALHO MÉDICO";"SP";"4036556705.10";"1345518901.7";"733415457.8534356"
"UNIMED CARUARU-COOPERATIVA DE TRABALHO MEDICO";"PE";"3905591493.60";"1301863831.2";"683273302.478089"
"UNIMED DE MACAÉ COOPERATIVA DE ASSISTÊNCIA À SAÚDE";"RJ";"3822236544.48";"1274078848.16";"695473476.2543424"
"UNIMED VALE DO SINOS - COOPERATIVA DE ASSISTÊNCIA À SAÚDE LTDA";"RS";"3818113881.42";"1272704627.14";"675546451.8995147"
"UNIMED DE VOLTA REDONDA COOPERATIVA DE TRABALHO MÉDICO";"RJ";"3792867644.40";"1264289214.8";"650751611.5615371"
"INSTITUTO CURITIBA DE SAÚDE";"PR";"3723938759.94";"1241312919.98";"679032895.8090076"
"UNIMED NORTE DO MATO GROSSO COOPERATIVA DE TRABALHO MÉDICO";"MT";"3720187599.30";"1240062533.1000001";"667182720.6762486"
"UNIMED SUL CAPIXABA COOPERATIVA DE TRABALHO MÉDICO";"ES";"3687575694.84";"1229191898.28";"637246589.4382278"
"ALICE OPERADORA LTDA.";"SP";"3685599091.80";"1228533030.6000001";"735853130.0602806"
"CAIXA DE ASSISTÊNCIA DOS FUNCIONÁRIOS DO BANCO DO NORDESTE DO BRASIL";"CE";"3676160888.22";"1225386962.74";"658719275.3688258"
"CENTRO CLÍNICO GAÚCHO LTDA";"CE";"3675996250.14";"1225332083.3799999";"637314788.9938276"
"UNIMED NOVA FRIBURGO-SOC.COOP.SERV.MED.HOSP.LTDA.";"RJ";"3592571569.56";"1197523856.52";"607485628.1353072"
"SOBAM CENTRO MÉDICO HOSPITALAR S.A.";"SP";"3447374968.02";"1149124989.34";"580225370.7742448"
"SAMEL PLANO DE SAÚDE LTDA";"AM";"3446492204.10";"1148830734.7";"601272359.1194065"
"UNIMED UBERABA COOPERATIVA DE TRABALHO MEDICO LTDA.";"MG";"3403828536.12";"1134609512.04";"590555874.1775105"
"UNIMED VALE DO SÃO FRANCISCO COOPERATIVA DE TRABALHO MÉDICO";"PE";"3394574181.72";"1131524727.24";"584195027.8890051"
"HUMANA SAÚDE LTDA.";"PR";"3388609368.54";"1129536456.18";"555078358.7295089"
"UNIMED DE SANTA BÁRBARA D'OESTE E AMERICANA - COOP DE TRABALHO MÉDICO";"SP";"3323786970.78";"1107928990.26";"578934774.2249005"
"LEVE SAUDE OPERADORA DE PLANOS DE SAUDE S.A";"RJ";"3313887772.02";"1104629257.34";"620708205.3242049"
"UNIMED NOVA IGUACU COOPERATIVA DE TRABALHO MEDICO";"RJ";"3287232451.08";"1095744150.36";"550140182.6250386"
"QUALLITY PRÓ SAÚDE PLANO DE ASSISTÊNCIA MÉDICA LTDA.";"DF";"3196828612.44";"1065609537.48";"528003719.03021264"
"UNIMED REGIONAL DA BAIXA MOGIANA - COOPERATIVA DE TRABALHO MÉDICO";"SP";"3144516756.78";"1048172252.2600001";"544029986.2911319"
"UNIMED FRANCA - SOCIEDADE COOPERATIVA DE SERVIÇOS MÉDICOS E HOSPITALARES";"SP";"3115350172.56";"1038450057.52";"551787103.8415445"
"UNIMED DE MARILIA COOPERATIVA DE TRABALHO MÉDICO";"SP";"3081435062.22";"1027145020.7399999";"545083982.4513282"
"UNIMED DE ARARAQUARA - COOP. DE TRAB. MÉDICO";"SP";"3060525719.82";"1020175239.94";"540944132.0636233"
"METRUS INSTITUTO DE SEGURIDADE SOCIAL";"SP";"3048511420.86";"1016170473.62";"461311353.8336192"
"FUNDAÇÃO COPEL DE PREVIDÊNCIA E ASSISTÊNCIA SOCIAL";"PR";"3022413625.02";"1007471208.34";"519427381.1628567"
"ASSOCIACAO DOS AUDITORES FISCAIS DA RECEITA ESTADUAL DE SAO PAULO";"SP";"3004617375.48";"1001539125.16";"529208661.6118922"
"ASSOCIAÇÃO DE SAÚDE PORTUGUESA DE BENEFICÊNCIA";"SP";"3003517631.58";"1001172543.86";"524831061.1799088"
"UNIMED PONTA GROSSA COOPERATIVA DE TRABALHO MEDICO";"PR";"3002155757.40";"1000718585.8000001";"533268316.8470574"
"ITAUSEG SAÚDE S.A.";"SP";"2960044614.84";"986681538.2800001";"499543039.4731398"
"DOCTOR CLIN OPERADORA DE PLANOS DE SAÚDE LTDA.";"RS";"2943257785.86";"981085928.62";"552794243.122265"
"FUNDAÇÃO CHESF DE ASSISTÊNCIA E SEGURIDADE SOCIAL";"PE";"2928513167.82";"976171055.94";"567968649.9938033"
"ASSOCIAÇÃO SANTA SAÚDE";"SP";"2878266782.70";"959422260.9";"473362296.55620784"
"UNIMED DO CEARÁ - FEDERAÇÃO DAS SOCIEDADES COOPERATIVAS MÉDICAS DO ESTADO DO CEARÁ LTDA.";"CE";"2842187905.32";"947395968.44";"505100743.50575864"
"UNIMED CAMPINA GRANDE - COOPERATIVA DE TRABALHO MEDICO LTDA";"PB";"2831832403.38";"943944134.46";"499247915.73331445"
"REAL GRANDEZA - FUNDAÇÃO DE PREVIDÊNCIA E ASSISTÊNCIA SOCIAL";"RJ";"2786424716.34";"928808238.7800001";"488324462.80471355"
"ALVORECER - ASSOCIAÇÃO DE SOCORROS MÚTUOS";"SP";"2785280445.66";"928426815.2199999";"462606128.26811063"
"UNIMED DE CRICIÚMA COOPERATIVA DE TRABALHO MÉDICO DA REGIÃO CARBONÍFERA";"SC";"2774033865.00";"924677955.0";"499064005.6228311"
"CAIXA DE PREVIDÊNCIA E ASSISTÊNCIA DOS SERVIDORES DA FUNDAÇÃO NACIONAL DE SAÚDE - CAPESESP";"RJ";"2762640812.52";"920880270.84";"452864481.57126653"
"BENSAUDE PLANO DE ASSISTENCIA MEDICA HOSPITALAR LTDA.";"SP";"2757172534.50";"919057511.5";"457922018.4184669"
"H.B. SAÚDE S/A.";"SP";"2732043228.78";"910681076.2600001";"467249679.6328579"
"UNIMED GOVERNADOR VALADARES COOP. DE TRABALHO MÉDICO LTDA.";"MG";"2664863590.38";"888287863.46";"469295498.05455494"
"SERVIÇO SOCIAL DA INDÚSTRIA DO PAPEL, PAPELÃO E CORTIÇA DO ESTADO DE SÃO PAULO - SEPACO";"SP";"2646162860.22";"882054286.7399999";"473029951.6149119"
"COOPERATIVA CENTRAL UNIMED DE COOPERATIVAS DE ASSISTÊNCIA À SAÚDE DO RIO GRANDE DO SUL LTDA.";"RS";"2629153596.36";"876384532.12";"470212084.605881"
"PROMÉDICA - PROTEÇÃO MEDICA A EMPRESAS S.A.";"BA";"2626074561.96";"875358187.32";"432956185.869165"
"COOPERATIVA DE TRABALHO MÉDICO DE POUSO ALEGRE";"MG";"2607888171.66";"869296057.2199999";"464663465.4957628"
"PLANO DE SAÚDE ANA COSTA LTDA.";"SP";"2541828118.98";"847276039.66";"427908107.72519726"
"UNIMED SALTO/ITU - COOPERATIVA MÉDICA";"SP";"2517332342.94";"839110780.98";"428634266.39066637"
"UNIMED PORTO VELHO - SOCIEDADE COOPERATIVA MÉDICA LTDA";"RO";"2509009502.28";"836336500.7600001";"462964293.79608387"
"KLINI PLANOS DE SAÚDE LTDA";"RJ";"2448629909.94";"816209969.98";"458335323.4580253"
"UNIMED SANTA MARIA/RS - COOPERATIVA DE ASSISTÊNCIA À SAÚDE LTDA";"RS";"2433261799.68";"811087266.56";"424959232.82254374"
"CIRCULO OPERARIO CAXIENSE";"RS";"2424091701.90";"808030567.3000001";"418607771.2291389"
"UNIMED ANHANGUERA COOPERATIVA DE TRABALHO MÉDICO";"SP";"2408980133.82";"802993377.94";"402386779.97686523"
"CAIXA DE ASSISTÊNCIA DOS EMPREGADOS DO BANCO DO ESTADO DO RIO GRANDE DO SUL";"RS";"2374326277.14";"791442092.38";"436777672.26566875"
"BIOVIDA SAÚDE LTDA.";"SP";"2352188657.34";"784062885.7800001";"399328454.53222"
"2CARE OPERADORA DE SAÚDE LTDA.";"SP";"2279189159.88";"759729719.96";"398572041.6115194"
"UNIMED DE CAMPOS COOPERATIVA DE TRABALHO MÉDICO";"RJ";"2270151677.64";"756717225.88";"408180106.8187945"
"AUSTACLINICAS ASSISTÊNCIA MÉDICA E HOSPITALAR LTDA";"SP";"2267529050.58";"755843016.86";"395957201.5962382"
"CAIXA DE ASSISTÊNCIA À SAÚDE - CABERJ";"RJ";"2215118619.72";"738372873.2399999";"389916881.49601674"
"UNIMED DE GUARULHOS COOPERATIVA DE TRABALHO MÉDICO";"SP";"2203665127.74";"734555042.5799999";"394127137.3189854"
"UNIMED RONDONOPOLIS COOPERATIVA DE TRABALHO MÉDICO LTDA";"MT";"2200770599.64";"733590199.88";"384951010.7379533"
"UNIMED DE BOTUCATU COOPERATIVA DE TRABALHO MÉDICO";"SP";"2193321271.92";"731107090.64";"364550952.233896"
"UNIMED PATOS DE MINAS COOPERATIVA TRABALHO MÉDICO LTDA.";"MG";"2168631495.24";"722877165.0799999";"381232197.69339544"
"ASSOCIAÇÃO DR. BARTHOLOMEU TACCHINI";"RS";"2148592352.34";"716197450.7800001";"403707432.41340214"
"UNIMED DO SUDOESTE COOPERATIVA DE TRABALHO MEDICO LTDA";"BA";"2148081599.16";"716027199.7199999";"364895003.1406729"
"INTEGRA ASSISTENCIA MEDICA SA";"SP";"2141250675.84";"713750225.28";"266684973.88740873"
"UNIMED LESTE PAULISTA COOPERATIVA DE TRABALHO MÉDICO";"SP";"2137415790.66";"712471930.22";"353364260.7970252"
"UNIMED CHAPECÓ - COOPERATIVA DE TRABALHO MÉDICO DA REGIÃO OESTE CATARINENSE";"SC";"2125281374.70";"708427124.9";"390870542.10745776"
"NOSSA SAÚDE - OPERADORA PLANOS PRIVADOS DE ASSISTÊNCIA  À SAÚDE LTDA.";"PR";"2103394732.92";"701131577.64";"359112856.43769103"
"UNIMED DE LIMEIRA COOPERATIVA DE TRABALHO MÉDICO";"SP";"2077340270.58";"692446756.86";"383310098.7215603"
"UNIMED AMPARO COOPERATIVA DE TRABALHO MÉDICO";"SP";"2027656843.80";"675885614.6";"357420795.9169876"
"UNIMED DE BEBEDOURO COOPERATIVA DE TRABALHO MÉDICO";"SP";"2023590701.52";"674530233.84";"356779820.1020663"
"FUNDAÇÃO CELESC DE SEGURIDADE SOCIAL - CELOS";"SC";"2020270481.70";"673423493.9";"370857315.2656344"
"PLENA SAÚDE S.A.";"SP";"1997301429.54";"665767143.18";"337716103.97083765"
"UNIMED RIO VERDE COOPERATIVA TRABALHO MEDICO";"GO";"1935204796.92";"645068265.64";"328563354.15654546"
"UNIMED VALE DO SEPOTUBA - COOPERATIVA DE TRABALHO MÉDICO";"MT";"1914010844.64";"638003614.88";"340122519.47005004"
"UNIMED COSTA OESTE - COOPERATIVA DE TRABALHO MÉDICO";"PR";"1910798590.38";"636932863.46";"357099834.6972016"
"LIV LINHAS INTELIGENTES DE ATENÇÃO À VIDA S/A";"SP";"1898235968.82";"632745322.9399999";"336051941.57077336"
"UNIMED CENTRO RONDÔNIA COOPERATIVA DE TRABALHO MÉDICO";"RO";"1893318113.64";"631106037.88";"346085970.0464402"
"UNIMED PELOTAS/RS - COOPERATIVA DE ASSISTÊNCIA À SAÚDE LTDA.";"RS";"1878568801.86";"626189600.62";"331333062.5996434"
"ASSOCIAÇÃO ASSISTENCIAL DE SAÚDE SUPLEMENTAR CRUZ AZUL SAÚDE";"SP";"1871758236.78";"623919412.26";"274648614.68181384"
"AMPLA PLANOS DE SAUDE LTDA";"RJ";"1862136719.52";"931068359.76";"255650304.40898713"
"SERMED-SAÚDE LTDA.";"SP";"1839778060.44";"613259353.48";"315139871.9815858"
"PROASA SAÚDE";"DF";"1838165082.00";"612721694.0";"353710790.5284376"
"CAIXA DE ASSISTÊNCIA DOS EMPREGADOS DA EMPRESA BRASILEIRA DE PESQUISA  AGROPECUÁRIA";"DF";"1827800231.04";"609266743.68";"338051696.72820574"
"S.P.A SAUDE- SISTEMA DE PROMOÇÃO ASSISTENCIAL";"SP";"1817812541.94";"605937513.98";"311696219.46176517"
"UNIMED NOROESTE/RS - SOCIEDADE COOPERATIVA DE ASSISTÊNCIA À SAÚDE LTDA.";"RS";"1785132255.54";"595044085.18";"313069581.7316009"
"IRMANDADE DA SANTA CASA DE MISERICÓRDIA DE PIRACICABA";"SP";"1776402362.16";"592134120.72";"349070515.77306926"
"ASSOCIAÇÃO EVANGELICA BENEFICENTE DE LONDRINA";"PR";"1761133211.70";"587044403.9";"322915291.59906906"
"SÃO LUCAS SAÚDE S/A";"SP";"1756897652.16";"585632550.72";"293282268.45413315"
"UNIMED RIO BRANCO COOPERATIVA DE TRABALHO MEDICO LTDA";"AC";"1754385951.24";"584795317.08";"292840828.1543125"
"UNIÃO MÉDICA PLANOS DE SAÚDE S/A";"BA";"1725509281.62";"575169760.54";"307117597.86368716"
"ABERTTA SAÚDE - ASSOCIAÇÃO BENEFICENTE DOS EMPREGADOS DA ARCELORMITTAL NO BRASIL";"MG";"1692307482.18";"564102494.0600001";"300974585.4199648"
"UNIMED NOROESTE CAPIXABA COOPERATIVA DE TRABALHO MÉDICO.";"ES";"1679040944.34";"559680314.78";"296743113.2342511"
"UNIMED DE RIO CLARO SP COOPERATIVA DE TRABALHO MEDICO";"SP";"1664604623.04";"554868207.68";"291558061.07171446"
"FUNDAÇÃO AFFEMG DE ASSISTÊNCIA E SAÚDE - FUNDAFFEMG";"MG";"1651089507.54";"550363169.18";"279817504.9024103"
"FUNDAÇÃO SANEPAR DE ASSISTÊNCIA SOCIAL";"PR";"1650171007.26";"550057002.42";"247205949.58407667"
"UNIMED PATO BRANCO SOCIEDADE COOPERATIVA DE MÉDICOS";"PR";"1612887905.70";"537629301.9";"276308578.29206026"
"UNIMED PETROPOLIS-RJ COOPERATIVA DE TRABALHO MÉDICO";"RJ";"1605121703.46";"535040567.82";"275539665.9756543"
"PLANO DE SAÚDE DA SANTA CASA DE BRAGANÇA PAULISTA";"SP";"1603410213.78";"534470071.26";"269669247.81153864"
"SAUDE PAS - MEDICINA E ODONTO";"RS";"1602467330.04";"534155776.68";"279202172.9088945"
"CAIXA DE ASSISTÊNCIA OSWALDO CRUZ";"RJ";"1596839960.16";"532279986.72";"277873777.096277"
"LIFE EMPRESARIAL SAÚDE LTDA.";"SP";"1594560278.10";"531520092.7";"294109027.0898833"
"UNIMED DE TUBARAO - COOPERATIVA DE TRABALHO MEDICO DA REGIAO DA AMUREL";"SC";"1587135514.02";"529045171.34";"280285932.9813665"
"UNIMED DE DOURADOS COOPERATIVA DE TRABALHO MÉDICO LTDA";"MS";"1571995284.90";"523998428.3";"298363850.86752826"
"UNIMED DE OURINHOS - COOPERATIVA DE TRABALHO MÉDICO";"SP";"1547703626.94";"515901208.98";"268654295.7416779"
"UNIMED REGIONAL JAU - COOPERATIVA DE TRABALHO MÉDICO";"SP";"1531932120.84";"510644040.28";"263234068.78604263"
"SANTA CASA DE MISERICÓRDIA DE JUIZ DE FORA";"MG";"1497657303.06";"499219101.02";"273322834.1920805"
"UNIMED MARANHÃO DO SUL - COOPERATIVA DE TRABALHO MÉDICO";"MA";"1495777110.78";"498592370.26";"312008694.88432753"
"UNIMED PLANALTO MÉDIO/RS - COOPERATIVA DE ASSISTÊNCIA À SAÚDE LTDA.";"RS";"1473738650.10";"491246216.7";"249417523.0985608"
"POLICLIN SAÚDE S/A.";"SP";"1443604630.08";"481201543.35999995";"245204764.36376706"
"CABERJ INTEGRAL SAÚDE S.A";"RJ";"1441248738.18";"480416246.06";"246981387.88298228"
"UNIHOSP SAÚDE LTDA";"SP";"1421155083.00";"473718361.0";"245026359.52698573"
"UNIMED DE ARACATUBA - COOPERATIVA DE TRABALHO MÉDICO";"SP";"1413540144.72";"471180048.24";"243887592.18164203"
"ASSOCIAÇÃO DE ASSISTÊNCIA À SAÚDE DOS EMPREGADOS DA COPASA";"MG";"1409044292.76";"469681430.92";"238903390.7574016"
"UNIMED REGIONAL DE CAMPO MOURÃO COOP TRAB MEDICO ";"PR";"1405632523.20";"468544174.40000004";"247330841.73103583"
"MED-TOUR ADMINISTRADORA DE BENEFÍCIOS E EMPREENDIMENTOS LTDA.";"SP";"1395278377.44";"465092792.48";"242554410.07401794"
"UNIMED DO CARIRI - SOCIEDADE COOPERATIVA MÉDICA LTDA";"CE";"1385360478.24";"461786826.08";"253262253.9664725"
"OPERADORA UNIESTE DE PLANOS DE SAÚDE LTDA";"RJ";"1384371056.70";"461457018.90000004";"234317413.62144333"
"MÚTUA DOS MAGISTRADOS DO ESTADO DO RIO DE JANEIRO";"RJ";"1364436370.86";"454812123.61999995";"249574438.0586151"
"UNIMED CENTRO OESTE PAULISTA - FEDERAÇÃO INTRAFEDERATIVA DAS COOPERATIVAS MÉDICAS";"SP";"1340916517.50";"446972172.5";"244916661.27450088"
"UNIMED ENCOSTA DA SERRA/RS SOCIEDADE COOPERATIVA DE SERVIÇOS DE SAÚDE LTDA.";"RS";"1311724035.90";"437241345.3";"233856962.608985"
"UNIMED VARGINHA COOPERATIVA DE TRABALHO MÉDICO";"MG";"1290422513.70";"430140837.90000004";"215955821.65575102"
"UNIMED ANÁPOLIS COOPERATIVA DE TRABALHO MÉDICO.";"GO";"1275947525.70";"425315841.90000004";"214947311.69001463"
"UNIMED TEOFILO OTONI COOPERATIVA DE TRABALHO MÉDICO";"MG";"1256171791.32";"418723930.44";"217869359.12833568"
"UNIMED DE MANAUS COOP. DO TRABALHO MÉDICO LTDA";"AM";"1254086551.14";"418028850.38000005";"276648891.7930183"
"UNIMED COSTA DO DESCOBRIMENTO COOPERATIVA DE TRABALHO MÉDICO";"BA";"1250114865.00";"416704955.0";"226494936.54556373"
"ASSOCIAÇÃO ADVENTISTA NORTE BRASILEIRA DE PREVENÇÃO E ASSISTÊNCIA A SAÚDE";"PA";"1247548980.12";"415849660.03999996";"205697540.31479847"
"UNIMED METROPOLITANA DO AGRESTE - COOPERATIVA DE TRABALHO MÉDICO";"AL";"1239727539.72";"413242513.24";"215713286.03938258"
"UNIMED MONTES CLAROS COOPERATIVA DE  TRABALHO MÉDICO LTDA.";"MG";"1230586087.62";"410195362.53999996";"200092263.6592595"
"UNIMED ARARUAMA COOPERATIVA DE TRABALHO MÉDICO LTDA";"RJ";"1228533245.04";"409511081.68";"219168625.9726413"
"CAIXA DE ASSISTENCIA A SAUDE DA UNIVERSIDADE";"MG";"1228516073.58";"409505357.85999995";"217045297.3994518"
"IRMANDADE SANTA CASA DE MISERICÓRDIA DE MARINGÁ";"PR";"1208063734.38";"402687911.46000004";"218725470.39218834"
"UNIMED PALMAS COOPERATIVA DE TRABALHO MÉDICO";"TO";"1204513732.98";"401504577.66";"197066055.34823146"
"HBC SAÚDE LTDA.";"SP";"1181346883.02";"393782294.34";"207342440.01325315"
"SIM - CAIXA DE ASSISTÊNCIA À SAÚDE";"SC";"1168187178.54";"389395726.18";"207644502.75705555"
"UNIMED NORTE CAPIXABA- COOPERATIVA DE TRABALHO MÉDICO";"ES";"1168185417.30";"389395139.09999996";"211200525.26924226"
"UNIMED VALE DO CAÍ/RS - COOPERATIVA DE ASSISTÊNCIA À SAÚDE LTDA.";"RS";"1156328878.50";"385442959.5";"197932676.18744346"
"ASSOCIAÇÃO DA SANTA CASA SAÚDE DE RIBEIRÃO PRETO";"SP";"1154234735.16";"384744911.72";"193427934.10566142"
"UNIMED CONSELHEIRO LAFAIETE COOPERATIVA DE TRABALHO MÉDICO LTDA";"MG";"1129157759.52";"376385919.84";"201689038.7080094"
"UNIMED DE CATANDUVA - COOPERATIVA DE TRABALHO MÉDICO";"SP";"1101063648.12";"367021216.03999996";"184826093.2412524"
"ASSOCIAÇÃO SÃO FRANCISCO VIDA";"SP";"1087349709.72";"362449903.24";"198473805.91133714"
"FUNDAÇAO COMPESA DE PREVIDENCIA E ASSISTENCIA - COMPESAPREV";"PE";"1084788333.48";"361596111.16";"200341416.63175225"
"UNIMED BARRA DO GARÇAS - COOPERATIVA DE TRABALHO MÉDICO";"MT";"1081125009.12";"360375003.03999996";"188354893.9207407"
"CENTRO HOSPITALAR ATIBAIA LTDA.";"SP";"1077792543.42";"359264181.14000005";"201311597.54593927"
"BENEFICENCIA CAMILIANA DO SUL";"SP";"1077659538.84";"538829769.42";"286376439.01561904"
"UNIMED DE ASSIS COOPERATIVA DE TRABALHO MÉDICO";"SP";"1068235041.72";"356078347.24";"183480899.19727996"
"UNIMED INCONFIDENTES COOPERATIVA DE TRABALHO MÉDICO LTDA.";"MG";"1063217928.42";"354405976.14";"186812511.9208174"
"ECONOMUS INSTITUTO DE SEGURIDADE SOCIAL";"SP";"1062775042.08";"354258347.36";"217433617.1925157"
"UNIMED GUARAPUAVA COOPERATIVA DE TRABALHO MÉDICO";"PR";"1062303178.98";"354101059.66";"189529728.54177245"
"UNIMED RESENDE COOPERATIVA DE TRABALHO MÉDICO";"RJ";"1053154015.08";"351051338.36";"188677699.29197562"
"UNIMED LITORAL SUL/RS - COOPERATIVA DE ASSISTÊNCIA À SAÚDE LTDA.";"RS";"1049774047.44";"349924682.48";"173862755.15768716"
"IRMANDADE DA SANTA CASA DE MISERICÓRDIA DE RIO CLARO";"SP";"1047756574.44";"349252191.48";"195008472.77610126"
"UNIMED DE BARRA MANSA SOC. COOP. SERV.MED.E HOSPIT.";"RJ";"1041800892.66";"347266964.21999997";"189214101.05252436"
"UNIMED EXTREMO SUL COOPERATIVA DE TRABALHO MÉDICO";"BA";"1039473325.26";"346491108.42";"168179440.6688236"
"SAÚDE BRB - CAIXA DE ASSISTÊNCIA ";"DF";"1032113261.88";"344037753.96";"184039860.5500836"
"ASSOCIAÇÃO BENEFICENTE DE ASSISTÊNCIA A SAÚDE DOS JUÍZES DO TRABALHO DA 15ª REGIÃO (ABAS 15)";"SP";"1016169678.84";"338723226.28000003";"176292522.4080759"
"CENTRAL REGIONAL DAS COOPERATIVAS MÉDICAS - UNIMED CERRADO";"GO";"1008350374.56";"336116791.52";"162646495.70220408"
"AMESC - ASSOCIAÇÃO MÉDICA ESPÍRITA CRISTÃ";"RJ";"1004004514.74";"334668171.58";"162047823.85666674"
"UNIMED CURVELO COOPERATIVA DE TRABALHO MÉDICO LTDA.";"MG";"1001019163.74";"333673054.58";"173621918.00817755"
"UNIMED DE SÃO ROQUE - COOPERATIVA DE TRABALHO MÉDICO";"SP";"994168007.28";"331389335.76";"188642766.06586817"
"ASSOCIAÇÃO DOS SERVIDORES FISCAIS DO ESTADO DA BAHIA";"BA";"982540246.02";"327513415.34";"170286897.4051616"
"UNIMED NORTE FLUMINENSE COOPERATIVA DE TRABALHO MEDICO";"RJ";"969982842.18";"323327614.06";"173021329.33966565"
"UNIMED DE PARANAGUÁ COOPERATIVA DE TRABALHO MÉDICO";"PR";"969748181.16";"323249393.71999997";"168020264.0269334"
"SELECT OPERADORA DE PLANO DE SAUDE LTDA";"GO";"968503103.22";"322834367.74";"277605416.0359747"
"UNIMED MISSÕES/RS - COOPERATIVA DE ASSISTÊNCIA À SAÚDE LTDA.";"RS";"960690955.80";"320230318.59999996";"162281789.2415759"
"UNIMED POÇOS DE CALDAS - SOC. COOP. DE TRAB. E SERVIÇOS MÉDICOS";"MG";"959193341.10";"319731113.7";"178611727.7966434"
"ASSOCIAÇÃO PADRE ALBINO SAÚDE";"SP";"936200465.16";"312066821.71999997";"188817076.3036561"
"CAIXA ASSISTENCIAL E BENEFICENTE DOS FUNCIONÁRIOS DA ACARESC";"SC";"932647808.16";"310882602.71999997";"159800746.48131195"
"ASSOCIAÇÃO BENEFICENTE DOS PROFESSORES PÚBLICOS ATIVOS E INATIVOS DO RIO DE JANEIRO - APPAI";"RJ";"922107700.38";"307369233.46";"172131083.513491"
"UNIMED DE JABOTICABAL COOP. DE TRABALHO MÉDICO";"SP";"904617749.58";"301539249.86";"162233891.7472345"
"UNIMED DE PARANAVAÍ COOPERATIVA DE TRABALHO MÉDICO";"PR";"903165568.26";"301055189.42";"161195365.7549208"
"UNIMED NORDESTE PAULISTA - FED. INTRAFEDERATIVA DAS COOP. MÉDICAS";"SP";"896718830.10";"298906276.7";"159242699.48645115"
"FUNDAÇÃO DE SEGURIDADE SOCIAL DA ARCELORMITTAL BRASIL - FUNSSEST";"ES";"891733037.52";"297244345.84";"130593953.64875974"
"SAÚDE SANTA TEREZA LTDA.";"SP";"886854534.60";"295618178.2";"157115592.8419387"
"CAIXA DE ASSISTÊNCIA DOS SERVIDORES FAZENDÁRIOS ESTADUAIS";"CE";"878717118.06";"292905706.02";"147604570.41510725"
"SANTA CASA DE MAUÁ SAÚDE";"SP";"869725221.24";"289908407.08";"151955741.43503273"
"UNIMED OESTE DO PARANA - COOPERATIVA DE TRABALHO MEDICO";"PR";"867128881.26";"289042960.42";"155999326.4376753"
"OPERADORA UNICENTRAL DE PLANOS DE SAÚDE LTDA.";"SP";"861715332.18";"287238444.06";"129933081.10504198"
"ELOSAÚDE - ASSOCIAÇÃO DE ASSISTÊNCIA À SAÚDE";"SC";"857996552.88";"285998850.96";"147823951.84302774"
"UNIMED REGIONAL SUL GOIAS COOP. DE TRABALHO MÉDICO LTDA";"GO";"851269689.72";"283756563.24";"147652077.63745055"
"ASSOCIAÇAO DOS FUNCIONARIOS PUBLICOS DO ESTADO DO RIO GRANDE DO SUL";"RS";"845906118.30";"281968706.09999996";"143340923.35044402"
"UNIMED ITAJUBA COOPERATIVA DE TRABALHO MEDICO";"MG";"843964705.74";"281321568.58";"156728666.42144498"
"UNIMED DE BRUSQUE COOPERATIVA DE TRABALHO MÉDICO";"SC";"838056207.12";"279352069.04";"153104704.42561296"
"UNIMED APUCARANA COOPERATIVA DE TRABALHO MÉDICO";"PR";"837631731.72";"279210577.24";"143658320.2556835"
"UNIMED DE TATUI - COOPERATIVA DE TRABALHO MÉDICO";"SP";"834131167.74";"278043722.58";"130362780.62656376"
"CAIXA DE ASSISTÊNCIA DOS EMPREGADOS DA SANEAGO";"GO";"829482638.22";"276494212.74";"141686815.75781754"
"CAIXA DE ASSISTÊNCIA À SAÚDE DOS SERVIDORES PÚBLICOS DO ESTADO DO MATO GROSSO DO SUL";"MS";"828569640.66";"276189880.21999997";"145562275.9052004"
"ASSISTÊNCIA MÉDICA SÃO MIGUEL LTDA";"SP";"827735980.92";"275911993.64";"151549950.3194453"
"UNIMED FRANCISCO BELTRAO COOPERATIVA DE TRABALHO MEDICO";"PR";"820093347.90";"273364449.3";"153357008.75400424"
"UNIMED OESTE DO PARÁ - COOPERATIVA DE TRABALHO MÉDICO";"PA";"816253061.76";"272084353.92";"133307686.90224941"
"FUNDAÇÃO DE SAÚDE ITAIGUAPY";"PR";"814619607.18";"271539869.06";"149600080.01520422"
"METLIFE PLANOS ODONTOLÓGICOS LTDA.";"SP";"813763685.52";"271254561.84";"140071529.85517454"
"LUMINAR SAÚDE - ASSOCIAÇÃO DE ASSISTÊNCIA À SAÚDE";"DF";"808505524.08";"269501841.36";"135338972.61518964"
"SAMI ASSISTÊNCIA MÉDICA LTDA";"SP";"803410551.36";"267803517.12";"130226621.54557356"
"ASSOCIAÇÃO SANTA CASA SAÚDE DE ARAÇATUBA";"SP";"801235822.86";"267078607.62";"140887256.62041673"
"UNIMED PARÁ DE MINAS COOPERATIVA DE TRABALHO MÉDICO LTDA.";"MG";"796327583.70";"265442527.9";"139593641.8048248"
"AGROS - INSTITUTO UFV DE SEGURIDADE SOCIAL";"MG";"796285108.32";"265428369.44000003";"142875153.24870962"
"GARANTIA DE SAÚDE LTDA";"SP";"790558861.56";"263519620.51999998";"131818773.75224374"
"UNIMED SÃO JOÃO DEL REI - COOPERATIVA DE TRABALHO MÉDICO";"MG";"786543370.80";"262181123.6";"139008528.10006753"
"UNIMED CENTRO SUL FLUMINENSE COOPERATIVA DE TRABALHO MÉDICO";"RJ";"783332059.92";"261110686.64";"141842081.0902798"
"UNIMED JOÃO MONLEVADE COOPERATIVA DE TRABALHO MÉDICO LTDA.";"MG";"773355152.94";"257785050.98000002";"141836192.43470037"
"UNIMED SAÚDE E ODONTO S.A";"SP";"768701478.42";"256233826.14";"143496210.7103998"
"UNIMED ERECHIM - COOPERATIVA DE SERVIÇOS DE SAÚDE LTDA.";"RS";"762907184.46";"254302394.82000002";"127633321.43086918"
"UNIODONTO DE CAMPINAS COOPERATIVA ODONTOLÓGICA";"SP";"762054819.66";"254018273.22";"136422285.92475617"
"UNIMED OS BANDEIRANTES COOPERATIVA DE TRABALHO MÉDICO";"SP";"758909068.32";"252969689.44000003";"114052154.35694836"
"IRMANDADE DA SANTA CASA DE MISERICORDIA DE LIMEIRA";"SP";"754179775.44";"251393258.48000002";"132791177.07577132"
"UNIMED FRONTEIRA NOROESTE/RS - COOPERATIVA DE ASSISTÊNCIA À SAÚDE LTDA.";"RS";"749532688.74";"249844229.58";"133963005.88793784"
"UNIMED DE CAÇAPAVA - COOPERATIVA DE TRABALHO MEDICO";"SP";"748537840.68";"249512613.55999997";"132161796.9822298"
"UNIMED VALE DO AÇO COOPERATIVA DE TRABALHO MÉDICO";"MG";"742113394.56";"371056697.28";"194734184.31787437"
"UNIMED ARAXÁ COOPERATIVA DE TRABALHO MÉDICO LTDA.";"MG";"726470405.28";"242156801.76";"126417043.2243773"
"UNIMED ALTO VALE - COOPERATIVA DE TRABALHO MÉDICO";"SC";"724622876.94";"241540958.98000002";"127923193.79416884"
"UNIMED ITABIRA COOPERATIVA DE TRABALHO MÉDICO";"MG";"720523286.10";"240174428.70000002";"131819115.17485943"
"NOVA SAÚDE OPERADORA INTEGRADA DE SAÚDE LTDA";"RJ";"720522693.36";"240174231.12";"126444543.21170856"
"OESTE SAÚDE ASSISTÊNCIA A SAÚDE SUPLEMENTAR S.A";"SP";"720333423.06";"240111141.01999998";"134869462.56690457"
"UNIMED ARAGUARI COOPERATIVA DE TRABALHO MÉDICO ";"MG";"719133203.70";"239711067.9";"125539783.05503292"
"UNIMED DE LENÇOIS PAULISTA - COOPERATIVA DE TRABALHO MÉDICO";"SP";"716042772.24";"238680924.08";"120636863.98515989"
"TEMPO MED PLANO DE SAUDE LTDA";"SC";"714046582.56";"238015527.51999998";"130944340.23218511"
"UNIMED BARBACENA - COOPERATIVA DE TRABALHO MÉDICO LTDA";"MG";"711044691.90";"237014897.29999998";"131662091.69848908"
"UNIMED DE CATALÃO COOPERATIVA DE TRABALHO MÉDICO";"GO";"710071354.74";"236690451.58";"122810830.38039145"
"VIVACOM PLANOS DE SAÚDE";"GO";"706662402.54";"235554134.17999998";"122352062.34206969"
"UNIMED DE LINS - COOPERATIVA DE TRABALHOS MÉDICOS";"SP";"703300531.86";"234433510.62";"112773657.42576908"
"CAIXA DE ASSISTÊNCIA DOS EMPREGADOS DO SISTEMA FINANCEIRO BANESTES";"ES";"699145182.30";"233048394.1";"119616844.26524714"
"ASSOCIAÇÃO DE ASSISTÊNCIA À SAÚDE DA AMAGIS";"MG";"691442152.98";"230480717.66";"125479656.85033114"
"SULMED - ASSISTÊNCIA MÉDICA LTDA";"RS";"687880345.92";"229293448.64";"118192985.94172351"
"GOCARE PLANOS DE SAUDE LTDA";"SP";"684220002.96";"228073334.32000002";"101248976.24622183"
"PLAMED PLANO DE ASSISTENCIA MEDICA LTDA";"SE";"680299109.46";"226766369.82000002";"121360524.57854693"
"AMEPLAN ASSISTÊNCIA MÉDICA PLANEJADA LTDA";"SP";"673950189.24";"224650063.08";"109052816.15738545"
"UNIMED CENTRO PAULISTA - FEDERAÇÃO INTRAFEDERATIVA DAS COOPERATIVAS MÉDICAS";"SP";"672950516.46";"224316838.82000002";"115869486.98669219"
"ESMALE ASSISTENCIA INTERNACIONAL DE SAUDE LTDA.";"AL";"670464788.34";"223488262.78";"112990353.8618786"
"ASSOCIAÇÃO DE SAÚDE DOS FORNECEDORES DE CANA DE PIRACICABA E REGIÃO";"SP";"667698557.76";"222566185.92";"120978093.26572922"
"UNIMED NOROESTE DO PARANÁ COOP DE TRABALHO MÉDICO .";"PR";"662803190.22";"220934396.74";"122847947.47584328"
"BEST SENIOR OPERADORA DE SAÚDE LTDA";"ES";"661744733.40";"220581577.79999998";"129953213.10086913"
"MATÃO CLINICAS & AMHMA SAÚDE LTDA";"SP";"649047447.30";"216349149.1";"109317946.22127664"
"CAIXA ASSISTENCIAL UNIVERSITÁRIA DO RIO GRANDE DO NORTE";"RN";"648617844.84";"216205948.28";"110730450.07151338"
"FUNDACAO LEONOR DE BARROS CAMARGO";"SP";"646865911.20";"215621970.4";"118191255.42864273"
"UNIMED EXTREMO OESTE CATARINENSE COOPERATIVA DE TRABALHO MÉDICO";"SC";"644541468.48";"214847156.16";"107612562.28975494"
"ASSOCIAÇÃO PETROBRAS DE SAÚDE - APS";"RJ";"643313231.64";"214437743.88";"39343010.078660674"
"PARANA ASSISTENCIA MEDICA LTDA";"PR";"642400433.34";"214133477.78";"117083977.83559467"
"UNIMED ALTA MOGIANA COOPERATIVA DE TRABALHO MÉDICO";"SP";"634357342.56";"211452447.51999998";"114297992.5268142"
"UNIMED DE IBITINGA COOPERATIVA DE TRABALHO MÉDICO";"SP";"632779084.98";"210926361.66";"106225803.61505078"
"ASSOCIAÇÃO MINEIRA DE ASSISTÊNCIA À SAÚDE DOS MEMBROS DO MINISTÉRIO PÚBLICO";"MG";"628201178.76";"209400392.92";"113121659.84534661"
"UNIMED MURIAÉ COOPERATIVA DE TRABALHO MEDICO LTDA";"MG";"626292138.18";"208764046.05999997";"105087467.92143188"
"UNIMED DE GUARATINGUETA-COOPERATIVA DE TRABALHO MÉDICO";"SP";"623632788.24";"207877596.08";"110250319.5333518"
"UNIMED NORTE PIONEIRO - COOPERATIVA DE TRABALHO MÉDICO";"PR";"623233453.68";"207744484.55999997";"113908545.36839801"
"UNIMED SUL PAULISTA - COOPERATIVA DE TRABALHO MÉDICO";"SP";"620457720.24";"206819240.08";"105172068.0164756"
"UNIMED TRÊS RIOS COOPERATIVA DE TRABALHO MÉDICO";"RJ";"618955318.92";"206318439.64";"103688627.01993014"
"UNIMED DE SOBRAL SOCIEDADE COOPERATIVA MÉDICA LTDA";"CE";"617320473.30";"205773491.1";"109139196.12362948"
"HOSPITAIS E CLÍNICAS DO PIAUÍ S/S LTDA";"PI";"611477045.16";"203825681.72";"107360766.36428846"
"ASSOCIAÇÃO POLICIAL DE ASSISTÊNCIA À SAÚDE";"SP";"608914906.68";"67657211.85333332";"62089643.51680054"
"ASSOCIAÇÃO DE ASSISTÊNCIA MÉDICO HOSPITALAR DOS MAGISTRADOS DO ESTADO DO PARANÁ";"PR";"607686808.44";"202562269.48000002";"116279217.74505846"
"UNIMED MEIO OESTE CATARINENSE COOPERATIVA DE TRABALHO MÉDICO";"SC";"605777957.10";"201925985.70000002";"97595128.4073196"
"UNIMED CABO FRIO COOPERATIVA TRABALHO MÉDICO LTDA.";"RJ";"603267121.38";"201089040.46";"110734949.61299229"
"AMHA SAUDE S/A";"SP";"599708698.68";"199902899.55999997";"100399946.14943162"
"UNIMED LAVRAS COOPERATIVA DE TRABALHO MÉDICO";"MG";"598813785.60";"199604595.20000002";"105812257.93702242"
"UNIMED CAÇADOR COOPERATIVA DE TRABALHO MÉDICO DA REGIÃO DO CONTESTADO";"SC";"596902194.24";"198967398.08";"106250095.18449712"
"SUL AMÉRICA ODONTOLÓGICO S/A";"SP";"595836245.82";"198612081.94000003";"104403243.7025833"
"CAIXA DE ASSISTÊNCIA À SAUDE DOS EMPREGADOS DA CODEVASF - CASEC";"DF";"594955816.50";"198318605.5";"86798633.38806467"
"SISTEMAS E PLANOS DE SAÚDE LTDA.";"SP";"587563660.20";"195854553.4";"100355157.2989892"
"SANTA CASA DE MISERICORDIA DE SAO JOAQUIM DA BARRA";"SP";"586068724.80";"195356241.6";"106351567.81421664"
"INSTITUIÇÃO BENEFICENTE CEL MASSOT - IBCM";"RS";"582678373.50";"194226124.5";"116369181.22366607"
"ASSOCIAÇÃO DO PLANO DE SAÚDE DA SANTA CASA DE MISERICÓRDIA DE ITABUNA - PLANSUL";"BA";"575264055.00";"191754685.0";"96132272.41786893"
"UNIMED COSTA VERDE RJ";"RJ";"571610229.60";"190536743.20000002";"91238852.04443873"
"CAIXA DE ASSISTÊNCIA À SAÚDE DO SINDICATO DOS FUNCIONÁRIOS INTEGRANTES DO GRUPO OCUPACIONAL ADMINISTRAÇÃO TRIBUTÁRIA DO ESTADO DE PERNAMBUCO";"PE";"568296517.32";"189432172.44000003";"104024967.47553249"
"UNIMED VALE DAS ANTAS, RS - COOPERATIVA DE ASSISTÊNCIA À SAÚDE LTDA.";"RS";"567064532.40";"189021510.79999998";"83217187.05395037"
"AMHE MED ASSISTENCIA A SAUDE LTDA - EPP";"SP";"563577805.98";"187859268.66";"145646371.62540057"
"UNIMED NOROESTE FLUMINENSE - COOPERATIVA DE TRABALHO MÉDICO LTDA";"RJ";"561208724.28";"187069574.76";"94107405.91504826"
"ASSOCIAÇÃO MAIS SAÚDE SANTA CASA DE SÃO JOÃO DA BOA VISTA";"SP";"555546914.76";"185182304.92";"107006175.35135753"
"ASSOCIAÇÃO DE SAÚDE DO VALE";"SC";"551676608.82";"183892202.94000003";"103472064.89471072"
"UNIMED NORTE PAULISTA - COOPERATIVA DE TRABALHO MÉDICO";"SP";"550408122.36";"183469374.12";"92014908.73903629"
"FUNDAÇÃO LIBERTAS DE SEGURIDADE SOCIAL";"MG";"548330235.78";"182776745.26";"93326220.12518749"
"SAMOC S.A. - SOCIEDADE ASSISTENCIAL MÉDICA E ODONTO CIRÚRGICA";"RJ";"547652507.94";"182550835.98000002";"95074861.11302416"
"SÃO FRANCISCO ASSISTÊNCIA MÉDICA LTDA";"PE";"546909666.42";"182303222.14";"96028303.29929918"
"ASSOCIAÇÃO SÃO LUIZ SAÚDE";"SP";"546851855.16";"182283951.72";"86535292.8033149"
"UNIMED SÃO LOURENÇO COOPERATIVA DE TRABALHO MÉDICO";"MG";"544311821.16";"181437273.72";"91479378.03637688"
"UNIMED ITUIUTABA COOPERATIVA TRABALHO MÉDICO LTDA.";"MG";"527300703.78";"175766901.26";"90293209.27479716"
"DENTAL UNI - COOPERATIVA ODONTOLÓGICA";"PR";"526688135.28";"175562711.76";"92544669.47242472"
"ÚNICA ASSISTENCIA MEDICA LTDA ";"SP";"524183460.36";"174727820.12";"95021059.80224779"
"IRMANDADE DE MISERICÓRDIA DO HOSPITAL DA SANTA CASA DE MONTE ALTO";"SP";"522362231.70";"174120743.9";"91733757.18755342"
"PRONTOMED PLANOS DE SAÚDE LTDA";"MG";"518117241.00";"172705747.0";"93294444.45638612"
"UNIMED ITAÚNA COOPERATIVA DE TRABALHO MÉDICO LTDA.";"MG";"517699874.76";"172566624.92";"85042910.7663703"
"UNIMED DE BIRIGUI - COOPERATIVA DE TRABALHO MÉDICO";"SP";"516356442.78";"172118814.26";"84636703.18012603"
"ELETROS SAÚDE - ASSOCIAÇÃO DE ASSISTÊNCIA À SAÚDE";"RJ";"515343479.94";"171781159.98";"100226168.89992778"
"COOPERATIVA DE TRABALHO MÉDICO DO PLANALTO NORTE DE SANTA CATARINA LTDA";"SC";"515267930.82";"171755976.94";"86380947.69978282"
"PLANO DE SAUDE ASES LTDA.";"RJ";"512083761.72";"170694587.24";"87490608.22535875"
"PLADISA PLANOS DE SAÚDE SA";"SC";"511095599.46";"170365199.82";"87328003.27089185"
"CAIXA DE ASSISTÊNCIA DOS FUNCIONÁRIOS DO BANCO DA AMAZÔNIA - CASF";"PA";"507628068.30";"169209356.1";"71262996.07249561"
"UNIMED MARQUES DE VALENÇA COOPERATIVA DE TRABALHO MÉDICO LTDA.";"RJ";"507064632.48";"169021544.16";"94489704.52703115"
"AMAZÔNIA PLANOS DE SAÚDE LTDA";"PA";"504480395.88";"168160131.96";"90019878.69401374"
"SÃO DOMINGOS SAÚDE- ASSISTÊNCIA MÉDICA  LTDA";"SP";"496249584.96";"165416528.32";"87632578.29430701"
"UNIMED ALTO DA SERRA - SOCIEDADE COOPERATIVA DE SERVIÇO MÉDICO LTDA.";"RS";"496051425.78";"165350475.26";"88308394.39172852"
"UNIMED GUAXUPÉ COOPERATIVA DE TRABALHO MEDICO";"MG";"494461725.60";"164820575.20000002";"88040294.34544587"
"LEADER ASSISTÊNCIA MÉDICA E HOSPITALAR LTDA.";"SP";"493383399.54";"164461133.18";"74901846.26635936"
"IRMANDADE DA SANTA CASA DE MISERICÓRDIA DE PASSOS";"MG";"478782525.78";"159594175.26";"82666201.31987938"
"UNIMED DE AVARÉ COOPERATIVA DE TRABALHO MÉDICO";"SP";"473297393.52";"157765797.84";"86586478.3471868"
"UNIMED VALE DO JAURU COOPERATIVA DE TRABALHO MÉDICO";"MT";"472496720.94";"157498906.98";"77543817.67525776"
"ASSOCIAÇÃO POLICIAL DE ASSISTÊNCIA À SAÚDE DE BAURU";"SP";"472471861.14";"157490620.38";"81845431.19832146"
"VITA ASSISTÊNCIA A SAÚDE LTDA.";"MG";"462654565.62";"154218188.54";"122717445.26359701"
"MAIS SAÚDE PLANO DE SAÚDE LTDA";"GO";"457305551.58";"152435183.85999998";"85416430.2654699"
"UNIMED PATROCÍNIO COOPERATIVA DE TRABALHO MÉDICO LTDA.";"MG";"454385334.06";"151461778.02";"82353932.52580062"
"UNIMED DE BARRETOS COOPERATIVA DE TRABALHO MÉDICO";"SP";"454185496.20";"151395165.4";"83418246.4754137"
"ANAFE SAUDE";"GO";"451121794.38";"150373931.46";"74875937.02043155"
"UNIMED DE CIANORTE - COOPERATIVA DE TRABALHO MEDICO ";"PR";"444909694.86";"148303231.62";"80805830.09643376"
"CAIXA DE ASSISTÊNCIA SISTEMA SAÚDE INTEGRAL-SSI SAUDE";"RS";"444567099.84";"148189033.28";"85589418.79584831"
"UNIMED DE CAPIVARI -COOPERATIVA DE TRABALHO MÉDICO";"SP";"443409420.72";"147803140.24";"76721223.10531482"
"GS PLANO GLOBAL DE SAÚDE LTDA";"RJ";"437618021.22";"145872673.74";"79191412.15457581"
"IRMANDADE DE MISERICORDIA DE PORTO FERREIRA";"SP";"431568991.14";"143856330.38";"80013997.71620709"
"UNIMED DE TAUBATÉ COOPERATIVA DE TRABALHO MÉDICO";"SP";"431161443.84";"143720481.28";"73538171.68594131"
"CAIXA DE ASSISTÊNCIA AOS MEMBROS DA DEFENSORIA PÚBLICA DO ESTADO DO RIO DE JANEIRO";"RJ";"428039175.12";"142679725.04";"80346689.73615865"
"ASSOCIAÇÃO DOS AUDITORES FISCAIS DO ESTADO DA PARAÍBA - AFRAFEP";"PB";"426026059.02";"142008686.34";"73083918.75062479"
"ASSOCIAÇÃO SAÚDE SÃO JOSÉ";"SC";"424235434.08";"141411811.35999998";"78307666.97905196"
"UNIMED ALTO SÃO FRANCISCO COOPERATIVA DE TRABALHO MÉDICO";"MG";"420055929.72";"140018643.24";"75136133.75071962"
"COOPERATIVA DE TRABALHO MEDICO DE ARAGUAÍNA - UNIMED ARAGUAÍNA";"TO";"415769393.88";"138589797.96";"72215434.25518201"
"SANTA CASA DE MISERICÓRDIA DE VOTUPORANGA";"SP";"411198969.06";"137066323.02";"71627701.57926005"
"UNIMED DE TUPA COOPERATIVA DE TRABALHO MÉDICO";"SP";"410269566.72";"136756522.24";"71873763.43940486"
"UNIMED DE PINDAMONHANGABA - COOPERATIVA TRABALHO MEDICO";"SP";"404465616.78";"134821872.26";"66110332.06744309"
"COOPERATIVA DE TRABALHO MEDICO REGIÃO DO PLANALTO SERRANO";"SC";"402026637.00";"134008879.0";"75396917.62693328"
"UNIMED DE ANDRADINA - COOPERATIVA DE TRABALHO MÉDICO";"SP";"400596441.24";"133532147.08";"74566933.91711274"
"UNITY SERVIÇOS INTEGRADOS DE SAÚDE LTDA.";"DF";"399273750.78";"133091250.25999999";"81883294.38358839"
"CONFERÊNCIA SÃO JOSÉ DO AVAÍ";"RJ";"398030553.96";"132676851.32";"77679244.49910843"
"SAÚDE BRASIL ASSISTÊNCIA MÉDICA LTDA.";"SP";"397600672.26";"132533557.42";"67897331.6318001"
"ASSOCIAÇÃO FUNDO DE PROTEÇÃO À SAÚDE";"PR";"397096446.36";"132365482.12";"69835541.07664484"
"UNIMED DE LORENA COOPERATIVA DE TRABALHO MÉDICO";"SP";"395333227.86";"131777742.62";"67167518.46521273"
"UNIMED DE MOCOCA COOPERATIVA DE TRAB. MÉDICO";"SP";"392280466.86";"130760155.62";"72540350.90750952"
"UNIMED CATAGUASES COOPERATIVA DE TRABALHO MÉDICO LTDA";"MG";"391570666.08";"130523555.36";"68153183.85544993"
"PLANO ODONTOLÓGICO DENTALVIDAS LTDA.";"SP";"389789693.04";"129929897.68";"72729587.85536034"
"UNIMED VIÇOSA - COOPERATIVA DE TRABALHO MÉDICO";"MG";"388577429.64";"129525809.88";"67542077.15826948"
"ASSOCIAÇÃO DOS FUNCIONÁRIOS DO FISCO DO ESTADO DE GOIÁS";"GO";"387110563.74";"129036854.58";"70480307.80170211"
"INTERMEDICI PIRACICABA ASSISTENCIA MEDICA LTDA";"SP";"383910436.20";"127970145.39999999";"71925974.73348138"
"UNIMED DE PIRASSUNUNGA COOPERATIVA DE TRABALHO MÉDICO";"SP";"383327944.80";"127775981.60000001";"73127997.20465825"
"CAIXA DE ASSISTÊNCIA DOS MAGISTRADOS DE PERNAMBUCO";"PE";"372190706.22";"124063568.74000001";"68061444.92330919"
"ASSOCIAÇÃO PARANAENSE DE ASSISTÊNCIA À SAUDE DOS MEMBROS DO MINISTERIO PUBLICO DO PARANÁ";"PR";"371716647.12";"123905549.04";"61924929.482103944"
"UNIMED DE MINEIROS COOPERATIVA DE TRABALHO MÉDICO ";"GO";"361629498.90";"120543166.3";"65103257.90013982"
"UNIODONTO DE SÃO JOSÉ DOS CAMPOS COOPERATIVA DE TRABALHO ODONTOLÓGICO";"SP";"359914843.08";"119971614.36";"65043008.29589022"
"UNIMED DE UBA COOPERATIVA DE TRABALHO MEDICO";"MG";"356217852.72";"118739284.24000001";"65302295.94524962"
"OPERADORA DE PLANOS PRIVADOS DE SAÚDE - SANTA CASA SAÚDE LTDA";"MS";"350261554.26";"116753851.42";"58528451.75407258"
"UNIMED TRÊS CORAÇÕES COOPERATIVA DE TRABALHO MÉDICO LTDA.";"MG";"349884851.88";"116628283.96";"64904551.12049069"
"UNIMED PONTAL DO TRIÂNGULO - COOPERATIVA DE TRABALHO MÉDICO";"MG";"347811075.60";"115937025.2";"59428379.05352443"
"FUNDAÇÃO FILANTRÓPICA E BENEFICENTE DE SAÚDE ARNALDO GAVAZZA FILHO";"MG";"347703312.30";"115901104.10000001";"61631508.27640611"
"AMEP FREGUESIA OPERADORA DE PLANO DE SAUDE LTDA";"RJ";"342924181.68";"114308060.56";"56913529.441257864"
"UNIMED VERTENTE DO CAPARAÓ - COOPERATIVA DE TRABALHO MÉDICO LTDA";"MG";"336901394.76";"112300464.92";"57920546.79640813"
"BRASILDENTAL OPERADORA DE PLANOS ODONTOLÓGICOS S.A.";"SP";"334377110.34";"111459036.77999999";"59025882.48509451"
"UNIMED VILHENA - COOPERATIVA DE TRABALHO MEDICO LTDA";"RO";"333212673.30";"111070891.10000001";"78658019.4510646"
"UNIMED NORTE DO PARANÁ COOPERATIVA REGIONAL DE TRABALHO MÉDICO";"PR";"332785445.76";"110928481.92";"57323481.287914895"
"UNIMED CARATINGA - COOPERATIVA DE TRABALHO MÉDICO LTDA";"MG";"328127185.08";"109375728.36";"55107930.40555867"
"UNIMED VALE DO PIQUIRI-COOPERATIVA DE TRABALHO MÉDICO VALE DO PIQUIRI ";"PR";"328066581.84";"109355527.27999999";"59066168.1320906"
"UNIMED REGIONAL DE TRES LAGOAS COOPERATIVA DE TRABALHO MÉDICO";"MS";"325339882.02";"108446627.33999999";"60030484.519893974"
"UNIMED NOROESTE DE MINAS COOPERATIVA DE TRABALHO MEDICO LTDA";"MG";"322203501.42";"107401167.14";"61244387.593054734"
"UNIMED GURUPI COOPERATIVA DE TRABALHO MÉDICO";"TO";"317954246.28";"105984748.75999999";"53223639.83658967"
"PREVIDENT ASSISTÊNCIA ODONTOLÓGICA S.A";"SP";"315087215.34";"105029071.77999999";"52679365.64309149"
"POLI SAUDE OPERADORA DE PLANO DE SAUDE LTDA";"PR";"312127038.90";"104042346.3";"56779577.10698968"
"UNIMED DE SAO JOSÉ DO RIO PARDO-COOP. DE TRAB. MÉDICO";"SP";"309655186.20";"103218395.39999999";"55434159.59193082"
"AMPARA ASSISTÊNCIA MÉDICA PARAÍSO LTDA";"MG";"308032837.56";"102677612.52";"53227669.30969753"
"UNIMED PLANALTO CENTRAL/RS - COOPERATIVA DE ASSISTÊNCIA  À SAÚDE LTDA.";"RS";"307259082.66";"102419694.22000001";"59892210.41775034"
"UNIMED FRUTAL COOPERATIVA DE TRABALHO MEDICO LTDA";"MG";"305965219.80";"101988406.60000001";"49025362.57959701"
"FUNDAÇÃO DE ASSISTÊNCIA À SAÚDE DA ASSOCIAÇÃO DO MINISTÉRIO PÚBLICO DO RIO GRANDE DO SUL";"RS";"304852232.58";"101617410.86";"60242328.654331684"
"UNIMED REGIÃO DA CAMPANHA/RS - COOPERATIVA DE ASSISTÊNCIA À SAÚDE LTDA.";"RS";"304011744.66";"101337248.22000001";"53608478.25991549"
"UNIMED LEOPOLDINA COOPERATIVA DE TRABALHO MÉDICO LTDA";"MG";"293257581.42";"97752527.14";"60861893.44275904"
"UNIMED ALFENAS COOPERATIVA DE TRABALHO MEDICO";"MG";"293110537.68";"97703512.56";"52028718.29205484"
"ASSOCIAÇÃO PLANO DE SAÚDE SANTA CASA DE VALINHOS";"SP";"289889542.80";"96629847.60000001";"51349035.6744309"
"UNIMED DE ADAMANTINA-COOPERATIVA DE TRABALHO MÉDICO";"SP";"287731509.96";"95910503.32";"50692980.65596969"
"TERRAMAR ADMINISTRADORA DE PLANO DE SAUDE LTDA";"BA";"282883077.36";"94294359.12";"54902454.98158122"
"SBC SAÚDE LTDA.";"SP";"281921558.82";"93973852.94";"45881291.985114515"
"SF SISTEMAS DE SAÚDE LTDA";"SP";"280038843.72";"93346281.24000001";"57466311.50972544"
"PLAMER PLANO MEDICO RESENDE LTDA";"RJ";"277529975.58";"92509991.86";"41628201.49234105"
"SOCIEDADE BENEFICENTE DEZOITO DE JULHO";"MG";"277473945.72";"92491315.24000001";"49124483.80418785"
"FEDERAÇÃO DAS SOCIEDADES COOPERATIVAS DE TRABALHO MÉDICO DO ACRE, AMAPÁ, AMAZONAS, PARÁ, RONDONIA E RORAIMA";"AM";"277455752.70";"277455752.7";""
"UNIMED DE DRACENA - COOPERATIVA DE TRABALHO MÉDICO";"SP";"274670789.52";"91556929.83999999";"48072196.20964892"
"ASSOCIAÇÃO POLICIAL DE ASSISTÊNCIA À SAÚDE DE RIBEIRÃO PRETO (APAS)";"SP";"273298095.00";"91099365.0";"46904477.48948181"
"UNIMED DE MONTE ALTO - COOPERATIVA DE TRABALHO MÉDICO";"SP";"273110395.02";"91036798.33999999";"47475153.93544364"
"UNIODONTO BELÉM - COOPERATIVA DE ASSISTÊNCIA À SAÚDE ODONTOLÓGICA";"PA";"272384208.42";"90794736.14";"44461530.00290356"
"IRMANDADE DA SANTA CASA DE MISERICÓRDIA E MATERNIDADE DONA ZILDA SALVAGNI";"SP";"271550352.36";"90516784.12";"46753566.89548608"
"FILOSANITAS SAUDE LTDA";"SP";"266796293.52";"88932097.84";"49900973.39327934"
"UNIMED-RIO COOPERATIVA DE TRABALHO MEDICO DO RIO DE JANEIRO";"RJ";"263431652.46";"263431652.46";""
"UNIMED DE REGISTRO COOPERATIVA DE TRABALHO MÉDICO";"SP";"262313622.90";"87437874.3";"43933982.477186"
"UNIMED CALDAS NOVAS - COOPERATIVA DE TRABALHO MEDICO";"GO";"258422394.06";"86140798.02";"44279364.22012424"
"SUL AMÉRICA PARANÁ CLÍNICAS SERVIÇOS DE SAÚDE S.A.";"SP";"256935723.96";"85645241.32000001";"69703766.93562981"
"ASSOCIACAO DOS PROFESSORES UNIVERSITÁRIOS DA BAHIA";"BA";"256844852.88";"85614950.96";"45549960.48704707"
"ASSOCIAÇÃO DOS EMPREGADOS DA COMPANHIA ESTADUAL DE HABITAÇÃO E OBRAS PÚBLICAS - ASSEC";"SE";"254356037.70";"84785345.89999999";"46137457.31333249"
"ALLIANZ SAÚDE S/A";"SP";"254147472.30";"84715824.10000001";"36498312.412155315"
"ADVANCE PLANOS DE SAÚDE LTDA";"SP";"254129384.28";"84709794.76";"46406133.32618268"
"PRONTOCLINICA E HOSPITAIS SAO LUCAS S/A";"MG";"252916575.18";"84305525.06";"46455451.25171294"
"UNIMED SÃO SEBASTIÃO DO PARAÍSO COOPERATIVA DE TRABALHO MÉDICO";"MG";"252594265.68";"84198088.56";"43930192.39747896"
"UNIMED SUDOESTE DE MINAS COOPERATIVA DE TRABALHO MÉDICO";"MG";"252077293.86";"84025764.62";"50123404.94430947"
"ASSOCIAÇÃO DOS AUDITORES FISCAIS DA RECEITA ESTADUAL DO RIO DE JANEIRO";"RJ";"251647648.98";"83882549.66";"37074887.8974257"
"UNIMED TRÊS PONTAS - COOPERATIVA DE TRABALHO MÉDICO";"MG";"250770945.00";"83590315.0";"43436661.746619835"
"UNIMED REGIONAL DE FLORIANO - COOPERATIVA DE TRABALHO MÉDICO";"PI";"248307816.06";"82769272.02";"42376329.54169939"
"UNIMED VALE DO CORUMBÁ COOPERATIVA DE TRABALHO MEDICO";"GO";"244530159.78";"81510053.26";"44582976.12330141"
"TRINO - ALIANCA FILANTRÓPICA DE ASSISTÊNCIA E INTEGRAÇÃO PARA O DESENVOLVIMENTO DA SAUDE";"ES";"241593287.16";"80531095.72";"46903255.92235579"
"UNIMED REGIÃO DA FRONTEIRA - RS COOPERATIVA DE ASSISTÊNCIA À SAÚDE LTDA.";"RS";"239668065.90";"79889355.3";"42390120.617989324"
"ASSOCIAÇÃO SANTA CASA CLÍNICAS DE BIRIGUI";"SP";"239220922.86";"79740307.62";"42861102.31851257"
"ATÍVIA SERVIÇOS DE SAÚDE S/A";"SP";"238496032.62";"119248016.31";"26871606.23479748"
"SV SAUDE ADMINSTRADORES DE PLANO DE SAUDE LTDA";"RJ";"236767463.52";"78922487.84";"43531992.18473328"
"ASSOCIAÇÃO POLICIAL DE ASSISTÊNCIA A SAÚDE DA BAIXADA SANTISTA";"SP";"232310331.72";"77436777.24";"37598220.532611035"
"FUNDACAO CAPITAL PREVIDENCIA E SAUDE - CAPITAL PREV";"ES";"231278651.04";"115639325.52";"50845654.68269052"
"FEDERAÇÃO DAS COOP ODONTOLÓGICAS DO ESTADO DE SANTA CATARINA";"SC";"226553089.50";"75517696.5";"42506062.49462802"
"UNIX SAÚDE S.A";"BA";"226344677.70";"75448225.89999999";"39326445.17290658"
"ASSOCIAÇÃO POLICIAL DE ASSISTÊNCIA À SAÚDE DE ARAÇATUBA (APAS)";"SP";"225691963.08";"75230654.36";"37145845.264661096"
"SANTA CASA DE MISERICORDIA HOSPITAL SÃO VICENTE";"SP";"221363055.60";"73787685.2";"39115880.69989574"
"UNIMED SUDOESTE PAULISTA COOPERATIVA DE TRABALHO MÉDICO";"SP";"219982108.32";"73327369.44";"38608599.580207966"
"PESSOAL SAÚDE PLANOS DE ASSISTÊNCIA MÉDICA LTDA";"SP";"216259072.20";"72086357.39999999";"37311312.76231078"
"CAIXA DE ASSISTÊNCIA DOS EMPREGADOS DO BANESE";"SE";"214365941.58";"71455313.86";"36069808.82013841"
"PB ASSISTENCIA MEDICA EU LTDA";"BA";"210008012.04";"70002670.67999999";"45054796.82736421"
"EVANGELICO SAUDE LTDA.";"PR";"203046561.06";"67682187.02";"33851496.934644826"
"UNIODONTO DE FORTALEZA COOPERATIVA DE TRABALHO ODONTOLOGICO LTDA";"CE";"200628516.90";"66876172.300000004";"34936066.29341876"
"COOPERATIVA DOS USUÁRIOS DE SERVIÇOS DE SAÚDE LTDA.";"RS";"200430267.78";"66810089.26";"37627228.64789401"
"CAIXA DE ASSISTÊNCIA DOS EMPREGADOS DO BANEB";"BA";"199896841.44";"66632280.48";"24744786.176886607"
"ASSOCIAÇÃO GOIANA DO MINISTÉRIO PÚBLICO";"GO";"197648427.48";"65882809.16";"35174669.74382661"
"ASSOCIAÇÃO VALEPARAIBANA DE ASSISTÊNCIA MÉDICA POLICIAL";"SP";"190567242.06";"63522414.02";"26058107.197490152"
"UNIMED CACERES COOPERATIVA DE TRABALHO MÉDICO ";"MT";"190556330.52";"63518776.84";"31591931.942467503"
"ASSOCIAÇÃO SAÚDE CONCEIÇÃO";"SC";"190163297.22";"63387765.74";"35967644.54152771"
"MAIS SAUDE S/A";"ES";"189854189.52";"94927094.76";"67375207.74451648"
"CAIXA DE ASSISTÊNCIA DO SINDFISCO - CASSIND";"SE";"187805583.54";"62601861.18";"34566909.54487922"
"AME VVIDA PLANOS DE SAUDE INTEGRADO LTDA.";"RO";"186947273.22";"62315757.74";"32141833.05556888"
"UNIODONTO REGIONAL COOPERATIVA ODONTOLOGICA";"MG";"185095255.44";"61698418.48";"33784134.606826305"
"UNIODONTO MACEIÓ COOPERATIVA ODONTOLÓGICA";"AL";"178445958.30";"59481986.1";"31292028.5500907"
"SANTA CASA DE MISERICÓRDIA E BENEFICÊNCIA PORTUGUESA";"SP";"176887023.90";"58962341.300000004";"35258327.033054926"
"DESBAN - FUNDAÇÃO BDMG DE SEGURIDADE SOCIAL";"MG";"175491160.02";"58497053.34";"29549599.69187601"
"UNIDENTIS ASSISTENCIA ODONTOLOGICA LTDA.";"PB";"175149702.42";"58383234.13999999";"29347652.581529208"
"SOCIEDADE PORTUGUESA DE BENEFICÊNCIA";"RS";"174440009.88";"58146669.96";"31760705.230536956"
"UNIODONTO PORTO ALEGRE COOPERATIVA ODONTOLOGICA LTDA";"RS";"173013921.60";"57671307.199999996";"35884327.89424532"
"UNIODONTO PIRACICABA - COOPERATIVA ODONTOLÓGICA";"SP";"172170008.58";"57390002.86000001";"32013626.173477896"
"UNIODONTO/RN - COOPERATIVA ODONTOLOGICA DO RIO GRANDE DO NORTE";"RN";"171821884.56";"57273961.52";"30515960.49685348"
"SANTA CASA DE SAÚDE - SCS";"ES";"167700479.88";"55900159.96";"33092986.652487993"
"UNIODONTO DE SC COOPERATIVA ADMINISTRADORA DE CONTRATOS";"SC";"165343097.34";"55114365.78";"29535117.039090272"
"UNIODONTO GOIANIA COOPERATIVA DE CIRURGIÕES DENTISTAS";"GO";"164557261.02";"54852420.34";"29475795.174101915"
"UNIMED SÃO JOÃO NEPOMUCENO COOPERATIVA DE TRABALHO MÉDICO LTDA.";"MG";"163455878.22";"54485292.74";"29315245.39255735"
"UNIMED REGIÃO DA PRODUÇÃO/RS - COOPERATIVA DE ASSISTÊNCIA À SAÚDE LTDA";"RS";"163120753.08";"54373584.36000001";"31319956.188231662"
"BIO SAÚDE SERVIÇOS MÉDICOS LTDA";"SP";"160070353.02";"53356784.34";"25396515.5780209"
"ATITUDE SAÚDE ASSISTÊNCIA MEDICA LTDA";"BA";"158043285.12";"52681095.04";"31079327.272131823"
"UNIMED DE PENAPOLIS - COOPERATIVA DE TRABALHO MEDICO";"SP";"157361842.20";"52453947.4";"30585658.99388146"
"UNIMED DE JATAÍ COOPERATIVA DE TRABALHO MÉDICO LTDA.";"GO";"152926786.32";"50975595.44";"28861773.328244664"
"UNIMED VALE DO CARANGOLA COOPERATIVA DE TRABALHO MEDICO LTDA";"MG";"151191620.34";"50397206.78";"26824377.63460056"
"FUNASA SAÚDE";"PB";"150781368.30";"50260456.1";"26903713.094754778"
"HOSPITAL DE PRONTOCLINICA LTDA.";"RS";"149947491.24";"49982497.080000006";"25070355.49409231"
"UNIMED MACHADO COOPERATIVA DE TRABALHO MEDICO";"MG";"149716622.64";"49905540.879999995";"27142722.65205216"
"NACIONAL ODONTO OPERADORA DE PLANOS ODONTOLÓGICOS LTDA.";"PE";"146839874.94";"48946624.98";"24212069.839954533"
"UNIMED PATOS - COOPERATIVA DE TRABALHO MÉDICO";"PB";"141081672.84";"47027224.28";"26676320.35389505"
"UNIMED ALTO JACUÍ/RS - COOPERATIVA DE ASSISTÊNCIA À SAÚDE LTDA";"RS";"139860931.80";"46620310.6";"23024862.598485205"
"COOPERATIVA DOS USUÁRIOS DE SERVIÇOS DE SAÚDE DO VALE DO RIO DOS SINOS LTDA";"RS";"138799747.68";"46266582.56";"22905696.990928635"
"RIO DOCE SAÚDE";"ES";"135037794.48";"45012598.16";"24472372.86185288"
"CARE PLUS ODONTOLOGIA ASSISTENCIAL LTDA.";"SP";"133596532.62";"44532177.54";"37018903.258398384"
"VIDA TOP MAIS SAÚDE OPERADORA DE PLANOS DE SAÚDE LTDA.";"SP";"132978683.04";"44326227.68";"26952833.29640246"
"R.M.I. OPERADORA DE SAÚDE INTEGRADA LTDA";"SP";"132127905.96";"66063952.98";"20406590.806252215"
"UNIODONTO DE JOÃO PESSOA COOPERATIVA ODONTOLÓGICA";"PB";"130987759.38";"43662586.46";"19567988.5691673"
"ASSOCIACAO POLICIAL DE ASSISTENCIA A SAUDE DE PRESIDENTE PRUDENTE (APAS)";"SP";"130589134.74";"43529711.58";"24161103.051630776"
"AURORA SAÚDE LTDA";"MG";"130172707.98";"43390902.660000004";"27421121.2604427"
"UNIMED PONTE NOVA COOPERATIVA DE TRABALHO MEDICO LTDA";"MG";"128646360.18";"42882120.06";"24365371.67237861"
"UNIMED REGIONAL DE PICOS - COOPERATIVA DE TRABALHO MÉDICO";"PI";"125840307.36";"41946769.12";"21513473.332708005"
"ASSOCIAÇAO UNISAUDE MARAU";"RS";"124860879.66";"41620293.22";"20602381.52857511"
"ASSOCIAÇÃO POLICIAL DE ASSISTÊNCIA A SAÚDE";"SP";"121188331.98";"40396110.660000004";"21203699.416860707"
"UNIMED DE CORUMBA COOPERATIVA DE TRABALHO MÉDICO";"MS";"120202505.34";"40067501.78";"24133389.96270089"
"ODONTO EMPRESAS CONVENIOS DENTARIOS LTDA.";"SP";"120133823.40";"40044607.800000004";"21285409.585041925"
"ON MED ASSISTÊNCIA MÉDICA LTDA";"RS";"118989075.36";"39663025.12";"30045367.277353033"
"UNIODONTO DO BRASIL CENTRAL NACIONAL DAS COOPERATIVAS ODONTÓLOGICAS";"SP";"116205030.00";"38735010.0";"22457375.242430367"
"ASSOCIACAO DE SAUDE HOLAMBRA";"SP";"114998237.94";"38332745.98";"21497892.938637476"
"UNIMED MORRINHOS COOPERATIVA DE TRABALHO MEDICO";"GO";"114970690.14";"38323563.38";"23110942.97615024"
"ODONTOGROUP SISTEMA DE SAÚDE LTDA.";"DF";"114371701.20";"38123900.4";"20421636.085880894"
"UNIMED DO OESTE DA BAHIA COOPERATIVA DE TRABALHO MÉDICO";"BA";"113495713.92";"37831904.64";"24448649.959243335"
"SUL DO PARÁ LTDA";"PA";"112447628.40";"37482542.800000004";"12407235.806815665"
"UNIMED SOUSA - COOPERATIVA DE TRABALHO MÉDICO";"PB";"111987239.52";"37329079.839999996";"16811109.258050825"
"TOTAL ASSISTÊNCIA MÉDICA HOSPITALAR LTDA";"MG";"111150064.74";"37050021.58";"19282044.77262247"
"HOSPITAL CESAR LEITE";"MG";"108844879.56";"36281626.52";"20376251.909943823"
"ASSOCIAÇÃO DOS SERVIDORES MUNICIPAIS, ESTADUAIS E FEDERAIS DO RIO DE JANEIRO";"RJ";"107835157.98";"35945052.660000004";"20836582.06762456"
"UNIODONTO PAULISTA-FEDERAÇÃO DAS COOPERATIVAS ODONTOLÓGICAS DO ESTADO DE SÃO PAULO";"SP";"107267599.20";"35755866.4";"19438545.28607603"
"FUNDAÇÃO PLAMHUV - PLANO MÉDICO HOSPITALAR DOS HOSPITAIS UNIDOS DE VIÇOSA";"MG";"106986510.66";"35662170.22";"20345036.866719626"
"VIVENTERIS LTDA";"PR";"105886691.34";"35295563.78";"19614639.80600551"
"ASSOCIAÇÃO DOS FUNCIONÁRIOS FISCAIS DO ESTADO DO AMAZONAS - AFFEAM";"AM";"103146273.06";"34382091.02";"22520512.985815525"
"UNIODONTO DE MANAUS - COOPERATIVA ODONTOLÓGICA LTDA.";"AM";"99927879.66";"33309293.22";"16420885.681760522"
"SOCIEDADE DE ASSISTÊNCIA MÉDICA - SAMEISA";"RS";"98754612.66";"32918204.22";"16918328.87070272"
"CAIXA ASSISTENCIAL UNIVERSITARIA DO RIO DE JANEIRO";"RJ";"98162636.58";"32720878.86";"16568827.65186661"
"CAIXA DE ASSISTÊNCIA À SAÚDE DOS TRABALHADORES NAS INDÚSTRIAS METALÚRGICAS, MECÂNICAS E DO MATERIAL ELÉTRICO DE BRUSQUE";"SC";"97679313.18";"32559771.060000002";"17774594.73908567"
"ASSOCIAÇÃO BENEFICENTE CATÓLICA";"MG";"96638533.68";"32212844.560000002";"16741845.960202623"
"SISTEMA TOTAL DE SAÚDE LTDA.";"SP";"96254398.68";"32084799.560000002";"16397613.51130551"
"OPLAN SAÚDE OPERADORA DE PLANO DE SAÚDE LTDA";"RJ";"94492582.56";"31497527.52";"17637407.29572661"
"ASSOCIAÇÃO POLICIAL DE ASSISTENCIA À SAUDE DE SAO JOAO DA BOA VISTA";"SP";"90890866.20";"30296955.400000002";"16735861.937781192"
"HOSPITAL S.P. LTDA.";"RS";"90327710.40";"30109236.8";"14402045.412778875"
"ANGELI SISTEMAS DE SAUDE S.A.";"PR";"89359768.92";"29786589.64";"16066542.929442704"
"CONFIANÇA ASSISTÊNCIA MÉDICO HOSPITALAR LTDA";"MG";"87915688.56";"29305229.52";"15486360.551496068"
"PRIMA VIDA ODONTOLOGIA DE GRUPO LIMITADA";"RJ";"87329182.86";"29109727.62";"14053606.227460535"
"AME-ASSISTÊNCIA MÉDICA A EMPRESAS LTDA";"MG";"85494953.70";"28498317.900000002";"14217839.503127629"
"UNIMED CAMPO BELO- COOPERATIVA DE TRABALHO MÉDICO";"MG";"83286970.08";"27762323.36";"13511136.305226184"
"PLAMESC PLANOS DE SAÚDE LTDA";"RJ";"83195780.52";"27731926.84";"13415109.67873914"
"UNIODONTO DE AMERICANA COOPERATIVA ODONTOLÓGICA";"SP";"79785518.76";"26595172.92";"14617516.940189477"
"PRONTO SOCORRO CONDE DE MOREIRA LIMA";"SP";"79451108.52";"26483702.84";"14862484.414762393"
"SANTA CASA DE MISERICÓRDIA DE TUPÃ";"SP";"78886237.50";"26295412.5";"12386020.647632647"
"ASSOCIACAO CIVIL PRÓ-SAÚDE DOS SERVIDORES DA UNIVERSIDADE ESTADUAL DE PONTA GROSSA";"PR";"78152181.72";"26050727.24";"13867322.764230667"
"SERVDONTO - PLANO DE ASSISTÊNCIA ODONTOLÓGICA LTDA";"SE";"76195194.66";"25398398.22";"13502380.992821166"
"ORALE ASSISTÊNCIA ODONTOLÓGICA LTDA";"BA";"75705683.94";"25235227.98";"12633684.634358874"
"ASSOCIAÇÃO UNIVIDA SANTA RITA DO PASSA QUATRO";"SP";"75681505.68";"25227168.560000002";"12518281.548476651"
"PORTOMED - PORTO SEGURO SERVIÇOS DE SAUDE LTDA";"SP";"74359078.14";"24786359.38";"25214606.232264455"
"COMSEDER - COOPERATIVA DE ASSISTÊNCIA MÉDICA DOS SERVIDORES DA SUPLAN E DO DER LTDA";"PB";"74180029.08";"24726676.36";"12662877.495731682"
"ASSOCIACAO POLICIAL DE ASSISTENCIA A SAUDE DE ITAPETININGA";"SP";"71638425.66";"23879475.22";"12455149.207951857"
"TELOS - FUNDAÇÃO EMBRATEL DE SEGURIDADE SOCIAL";"RJ";"71167263.78";"23722421.26";"15087206.209193652"
"MEDIC GLOBAL PLANOS DE SAÚDE LTDA.";"MG";"69958198.62";"23319399.540000003";"14155528.48492876"
"MEDGOLD ASSISTENCIA MEDICA LTDA - ME";"MG";"68370711.18";"22790237.060000002";"12320091.644290917"
"UNIODONTO UBERABA - COOPERATIVA DE ASSISTÊNCIA À SAÚDE ODONTOLÓGICA LTDA";"MG";"67580233.56";"22526744.52";"13567286.903489161"
"VOCÊ TOTAL PLANOS DE SAÚDE LIMITADA";"SP";"66654028.50";"33327014.25";"11271634.83940243"
"FUNDO DE ASSISTÊNCIA MÉDICO-HOSPITALAR DO MINISTÉRIO PÚBLICO";"MS";"63571245.72";"21190415.24";"13621433.750545688"
"UNIMED DE BATATAIS - COOPERATIVA DE TRABALHO MÉDICO";"SP";"63404978.04";"21134992.68";"11588229.738719828"
"NOSAMED ASSISTÊNCIA MÉDICA LTDA.";"SP";"63366437.34";"21122145.78";"11365802.360430734"
"UNIODONTO DE SOROCABA COOPERATIVA ODONTOLÓGICA";"SP";"63359019.90";"21119673.3";"11619892.181747632"
"PERSONAL CARE OPERADORA DE SAÚDE SA";"SP";"63200757.00";"31600378.5";"8654404.826568259"
"S1 OPERADORA DE PLANO DE SAÚDE LTDA";"DF";"62540877.90";"20846959.3";"11599067.60968888"
"DONA SAÚDE CLINICAS LTDA ";"SP";"62343935.46";"20781311.82";"1635481.4925874232"
"ASSOCIAÇÃO POLICIAL DE ASSISTÊNCIA À SAÚDE DE BARRETOS";"SP";"61195962.78";"20398654.26";"10136682.909112908"
"CAIXA BENEFICENTE DOS FUNCIONÁRIOS DO GRUPO IGUAÇU";"PR";"60374042.52";"20124680.84";"9618574.09677288"
"UNIODONTO VALE HISTORICO COOPERATIVA ODONTOLOGICA";"SP";"58910632.44";"19636877.48";"11138650.878029475"
"PLENUM ASSISTENCIA MEDICA  LTDA";"DF";"58114680.54";"29057340.27";"13189508.93717922"
"UNIODONTO DE ARARAQUARA COOPERATIVA ODONTOLÓGICA";"SP";"57978816.12";"19326272.04";"10307676.576462198"
"PLANO ASSISTENCIAL SÃO LUCAS LTDA";"MG";"57455481.72";"19151827.24";"9853886.389406176"
"CARING SAÚDE ASSISTÊNCIA MÉDICA LTDA.";"RJ";"56926129.50";"18975376.5";"10273084.991443904"
"CEDPLAN SAÚDE LTDA EPP";"MG";"55764917.34";"18588305.78";"9942835.36830073"
"SEMPRE ODONTO PLANOS ODONTOLOGICOS LTDA";"RJ";"55128119.10";"18376039.7";"9433155.878421027"
"UNIODONTO DO SUL GOIANO COOPERATIVA ODONTOLOGICA";"GO";"54620358.90";"18206786.3";"8994027.557730973"
"ASSOCIAÇÃO DOS SERVIDORES PÚBLICOS DA ADMINISTRAÇÃO DIRETA DO GOVERNO DO ESTADO DO PARÁ - ASPARÁ";"PA";"52992369.24";"17664123.080000002";"9074148.818256717"
"UNIODONTO DE JUNDIAÍ COOPERATIVA ODONTOLÓGICA";"SP";"52742160.60";"17580720.2";"9336116.266318649"
"ODONTOART PLANOS ODONTOLÓGICOS LTDA";"CE";"52579870.44";"17526623.48";"9225279.127056453"
"COOPERATIVA ODONTOLÓGICA POÇOS DE CALDAS";"MG";"51394579.98";"17131526.66";"8347453.947700446"
"UNIODONTO MARINGA COOPERATIVA ODONTOLOGICA";"PR";"49263850.14";"16421283.38";"8797269.670123337"
"ASSOCIAÇÃO HOSPITAL SAÚDE DE VARGEM GRANDE DO SUL";"SP";"49232347.14";"16410782.38";"7939109.354559576"
"ASSOCIAÇÃO POLICIAL DE ASSISTÊNCIA À SAÚDE DE PRESIDENTE VENCESLAU";"SP";"49055718.30";"16351906.1";"8403802.030982811"
"UNIODONTO ESPIRITO SANTO COOPERATIVA ODONTOLOGICA";"ES";"48794071.44";"16264690.479999999";"8801471.482288152"
"CEAM BRASIL - PLANOS DE SAÚDE LTDA";"MG";"48328872.12";"48328872.12";""
"ASSOCIAÇÃO POLICIAL DE ASSISTÊNCIA À SAÚDE DE DRACENA";"SP";"46953933.78";"15651311.26";"9385660.608682107"
"DENTALPAR ASSISTÊNCIA ODONTOLÓGICA EMPRESARIAL LTDA.";"SP";"46204621.98";"15401540.659999998";"8467263.218853356"
"PRESERVE SAUDE ASSISTENCIA MEDICA LTDA";"BA";"45357104.94";"15119034.979999999";"7432455.48866803"
"SEPACO SAÚDE LTDA";"SP";"44648416.56";"14882805.520000001";"8140518.342433942"
"PLANO VIDA SAUDE SERVIÇOS ODONTOLOGICOS LTDA";"SE";"43963468.32";"14654489.44";"8604754.664818304"
"AESP ODONTO ASSISTÊNCIA ODONTOLÓGICA S/S LTDA EPP";"SP";"41722141.68";"13907380.56";"8006635.0981866205"
"COOPERATIVA ODONTOLÓGICA DO ESTADO DO AMAPÁ";"AP";"41604575.34";"13868191.780000001";"7366889.44283032"
"UNIODONTO DE LONDRINA COOP. ODONTOLÓGICA";"PR";"41243127.90";"13747709.299999999";"7335642.725126605"
"CAMIM OPERADORA DE PLANO DE SAÚDE LTDA";"RJ";"41048293.50";"13682764.5";"6769461.652940981"
"DENTAL CENTER LTDA";"PB";"40671281.64";"13557093.88";"7050683.539048471"
"RODRIGUES LEIRA ODONTOLOGIA LTDA.";"SP";"39882989.10";"13294329.700000001";"7083674.345399273"
"SD-M OPERADORA DE PLANOS DE SAUDE LTDA";"RJ";"39479986.80";"13159995.6";"7047947.902983107"
"CAIXA DE ASSISTÊNCIA DOS EMPREGADOS DO SETOR PÚBLICO DO ESTADO DE GOIÁS - CAEME";"GO";"39082088.10";"13027362.700000001";"7357080.110924237"
"SAMIG - SERV. DE ASSISTENCIA MEDICA DA ILHA DO GOVERNADOR LTDA";"RJ";"38934564.36";"12978188.12";"4331725.563245995"
"UNIODONTO JACAREÍ COOPERATIVA ODONTOLÓGICA";"SP";"38276377.44";"12758792.479999999";"6894336.70275974"
"ASSOCIACAO DOS SERVIDORES DA EMDAGRO - ASSEM";"SE";"37687177.62";"12562392.54";"6649406.837481913"
"ASSOCIAÇÃO POLICIAL DE ASSISTENCIA A SAUDE DE BOTUCATU";"SP";"37139403.78";"12379801.26";"8392128.238537584"
"ASSOCIAÇÃO POLICIAL DE ASSISTÊNCIA À SAÚDE DE JAÚ";"SP";"36837414.72";"12279138.24";"5190140.083249778"
"ASSOCIAÇÃO SAÚDE RURAL ALEGRETE";"RS";"36639430.44";"12213143.479999999";"8100328.442940444"
"DENTAL MASTER LTDA - EPP";"AL";"36234310.08";"12078103.36";"5938769.808889341"
"ASSOCIAÇÃO POLICIAL DE ASSISTÊNCIA À SAÚDE APAS";"SP";"36089758.32";"12029919.44";"3574234.753849679"
"UNIODONTO DE PRESIDENTE PRUDENTE COOPERATIVA ODONTOLOGICA";"SP";"35905048.14";"11968349.38";"6783318.9785527615"
"VALE PLANOS DE SAÚDE LTDA";"PE";"35849961.72";"11949987.24";"9734869.326126104"
"UNIMED CAJAZEIRAS - SOCIEDADE COOPERATIVA DE TRABALHO MÉDICO";"PB";"35491942.38";"11830647.46";"6421640.580513655"
"HSMED SAUDE LTDA";"RJ";"34914378.84";"11638126.280000001";"6290650.16238528"
"SANTA CASA DE MISERICÓRDIA E ASILO DOS POBRES DE BATATAIS";"SP";"33965340.24";"11321780.08";"5294701.9458902385"
"PLANO DE ASSISTÊNCIA MÉDICA MINEIRA LTDA";"MG";"33920820.84";"11306940.280000001";"7705657.195725405"
"ODONT-OPERADORA ODONTOLOGICA LTDA";"SP";"33156805.56";"11052268.52";"5992628.979553724"
"MH VIDA - OPERADORA DE PLANOS DE SAÚDE LTDA";"RJ";"32922143.22";"10974047.74";"6266456.528703834"
"ODONTOLIVE OPERADORA DE PLANOS ODONTOLÓGICOS LTDA.";"SP";"32400856.74";"10800285.58";"6063046.056503924"
"DENTAL GOLD ASSISTÊNCIA ODONTOLÓGICA LTDA.";"PB";"31824560.52";"10608186.84";"5219034.4633983625"
"BENEFICENCIA SOCIAL BOM SAMARITANO";"MG";"31622790.90";"10540930.299999999";"6507081.048457262"
"UNIODONTO RS FEDERACAO DAS UNIODONTOS DO RGS LTDA";"RS";"31234791.66";"10411597.22";"5524263.15795036"
"UNIMED NORTE/NORDESTE-FEDERAÇÃO INTERFEDERATIVA DAS SOCIEDADES COOPERATIVAS DE TRABALHO MÉDICO EM RECUPERAÇÃO JUDICIAL";"PB";"31082646.18";"10360882.06";"5548592.679761226"
"DENTAL PLUS CONVÊNIO ODONTOLÓGICO LTDA.";"SP";"30818118.72";"10272706.24";"5555771.973869789"
"UNIODONTO DE SERTAOZINHO SP COOPERATIVA ODONTOLOGICA";"SP";"30047070.18";"15023535.09";"4880557.479888661"
"ASSOCIAÇÃO POLICIAL DE ASSISTÊNCIA À SAÚDE - VALE DO RIBEIRA";"SP";"29245426.08";"9748475.36";"4606439.208422384"
"COOPERATIVA DE TRABALHO ODONTOLOGICO - UNIODONTO ITAJUBÁ";"MG";"27343938.36";"9114646.12";"5166583.426029659"
"SALUSMED OPERADORA DE PLANOS DE SAUDE LTDA";"SP";"27016558.62";"9005519.540000001";"6379714.224807688"
"ASSOC DE ASSIST À SAÚDE DOS SERV DAS UNIV E INST FED, EST E/OU FAC PART EM PE";"PE";"26572974.30";"8857658.1";"3510137.6521244156"
"YOU ASSISTÊNCIA MÉDICA LTDA.";"MG";"25855408.02";"25855408.02";""
"UNIODONTO DE PINDAMONHANGABA COOP ODONTOLOGICA";"SP";"25079675.04";"8359891.68";"4333979.795016342"
"ASSOCIAÇÃO PADRE PIO PLANOS DE SAÚDE";"SP";"24811920.00";"8270640.0";"4098801.9316048883"
"ÔNIX OPERADORA DE PLANOS DE SAÚDE LTDA";"RJ";"24414127.44";"8138042.48";"4824159.280816499"
"PORTO DIAS SAUDE LTDA.";"PA";"23621294.16";"7873764.72";"4613733.245196921"
"ASSOCIAÇÃO SERVIÇOS ODONTOLÓGICOS DA INDÚSTRIA DE MINAS GERAIS - ODONTOINDUSTRIA";"MG";"23380750.32";"7793583.44";"4279770.866185383"
"PREVENT SENIOR CORPORATE OPERADORA DE SAÚDE LTDA.";"SP";"22931650.02";"7643883.34";"3298216.583008863"
"GAMA SAUDE LTDA.";"SP";"22383447.66";"7461149.22";"9725768.42467913"
"CENTRO DE ENDOCRINOLOGIA DE JUNDIAÍ S/S LTDA";"SP";"22271534.46";"7423844.82";"3704503.71388265"
"PLANO DE ASSISTÊNCIA ODONTOLÓGICA FAUCHARD LTDA. ME";"BA";"21420887.22";"7140295.739999999";"3827873.0830181837"
"ASSOCIAÇÃO DOS FISCAIS DE TRIBUTOS ESTADUAIS DO RS - AFISVEC";"RS";"19867746.18";"6622582.06";"4016687.3178975484"
"QUALIDONTO - QUALIDADE EM ODONTOLOGIA LTDA ";"BA";"19714393.08";"6571464.359999999";"4066174.306338925"
"HEALTH-MED SISTEMA DE SAUDE LTDA";"RJ";"18280079.64";"6093359.88";"3185752.95520317"
"UNIODONTO DE MATO GROSSO COOP TRAB ODONTOLOGICO LTDA";"MT";"17172577.80";"5724192.600000001";"2997440.6254499108"
"ODONTO SEG OPERADORA DE PLANOS ODONTOLOGICOS S.A.";"SP";"16065051.96";"5355017.32";"2370265.7918088664"
"PD BRASIL ASSISTENCIA ODONTOLOGICA LTDA";"MG";"15655287.54";"5218429.18";"3381215.8861105707"
"BLUZZ SAÚDE S/A";"ES";"13444369.92";"4481456.64";"3662214.6130624507"
"SAME-SERVIÇO DE ASSISTÊNCIA MÉDICA EMPRESARIAL LTDA.";"MA";"12281500.98";"4093833.66";"1956017.8134828473"
"HOSPITAL DE CARIDADE SÃO VICENTE DE PAULO";"PR";"12158940.84";"4052980.28";"197475.26949286595"
"SANTA CASA DA MISERICÓRDIA DE SÃO JOÃO DEL REI";"MG";"11997623.40";"3999207.8000000003";"1873437.1959790085"
"SISTEMA PREVSAUDE DENTAL LTDA";"CE";"11436076.68";"3812025.56";"1866347.5860797837"
"ODILE SERVIÇOS DE SAÚDE LTDA.";"SP";"11360289.66";"3786763.22";"1976296.934887225"
"SORRIDEN CONVÊNIOS ODONTOLÓGICOS S.A.";"SP";"10924076.28";"3641358.76";"1627844.795163152"
"CASA DE SAÚDE NOSSA SENHORA DE FÁTIMA  LTDA.";"CE";"10851402";"3617134.0";"1943528.259487883"
"INNOVA PLANO DE SAUDE LTDA";"RO";"10341057.48";"5170528.74";"4703395.368969871"
"NOVODENTE S/A";"RS";"10027187.04";"10027187.04";""
"CROWN ODONTOLOGIA DE GRUPO LTDA";"SP";"9859547.46";"3286515.8200000003";"1799075.718862821"
"MEDHEALTH PLANOS DE SAÚDE LTDA";"PR";"8854011.60";"2951337.1999999997";"5160140.944549158"
"UNIMED INTRAFEDERATIVA FEDERAÇÃO REGIONAL SUL DE MINAS";"MG";"8489266.86";"2829755.6199999996";"1606047.377333136"
"INFINITY SAÚDE SUPLEMENTAR LTDA";"MT";"8376170.52";"2792056.84";"1988777.9559166634"
"BRASIL ODONTO OPERADORA DE PLANOS ODONTOLÓGICOS LTDA";"TO";"7544033.40";"2514677.8000000003";"1148083.9629166974"
"PLAMEDH - PLANO DE ASSISTÊNCIA MÉDICO-HOSPITALAR LTDA";"MG";"5808717.42";"2904358.71";"821476.6785651225"
"ODONTO PRIME S/S LTDA";"CE";"5627914.50";"1875971.5";"977781.458159302"
"ZURICH SANTANDER BRASIL ODONTO LTDA.";"SP";"4801714.86";"1600571.62";"5110.346625699655"
"ALMA ODONTO OPERADORA DE PLANOS ODONTOLOGICOS LTDA";"SP";"4569342.78";"1523114.26";"660982.8311569019"
"PLANO SIGMA SAÚDE LTDA";"SP";"4551228.00";"2275614.0";"23883.60633688273"
"POLIMÉDICA SAÚDE SOCIEDADE SIMPLES LTDA";"RS";"4517861.04";"1505953.68";"741208.3604157065"
"EXCELÊNCIA PLANO DE SAÚDE S/A";"ES";"4413530.70";"2206765.35";"2836057.782722551"
"ASSISTÊNCIA MÉDICA 12 DE OUTUBRO LTDA";"SP";"4177232.46";"1392410.82";"849143.7068781835"
"G & M ASSESSORIA MEDICA EMPRESARIAL LTDA";"RJ";"4030236.36";"1343412.1199999999";"770719.5337211688"
"BEMSTAR ASSISTENCIA MEDICA LTDA";"BA";"3490305.36";"1163435.1199999999";"391064.4215573659"
"SAUDIA ASSISTENCIA MÉDICA LTDA";"MG";"3447569.76";"1149189.92";"777388.4050061761"
"SMART CARE SISTEMAS MÉDICOS E ODONTOLÓGICOS LTDA.";"SP";"3226829.64";"1613414.82";"0.0"
"UNIMED VALE DO URUCUIA - COOPERATIVA DE TRABALHO MEDICO LTDA";"MG";"3035215.92";"1011738.64";"623972.8909204234"
"CAIXA SEGURADORA ESPECIALIZADA EM SAÚDE S/A";"SP";"2281746.42";"760582.14";"1504267.0444013553"
"LIVRI OPERADORA DE PLANO DE SAÚDE LTDA";"SP";"1862576.34";"620858.78";"296963.71800932375"
"FUNDO DE ASSISTÊNCIA À SAÚDE DOS FUNCIONÁRIOS DO BEC";"CE";"1856178.78";"618726.26";"441344.9895166025"
"UNIMED ALTO PARANAIBA COOPERATIVA DE TRABALHO MEDICO";"MG";"1447476.42";"482492.13999999996";"90562.00980771352"
"CLÍNICA SÃO GABRIEL S/S LTDA";"SP";"1207024.20";"402341.39999999997";"270074.03558579047"
"SAGRADA SAÚDE ASSISTÊNCIA MÉDICA LTDA";"MG";"662392.38";"220797.46";"214425.84258870195"
"SOCIODONTO PLANO DE ASSISTÊNCIA ODONTOLÓGICA LTDA";"MG";"374609.58";"187304.79";"214270.53739430674"
"SAUDE SALV ASSISTENCIA MEDICA LTDA";"RO";"214292.70";"214292.7";""
"UNIMED PARAIBA - FEDERAÇAO DAS SOCIEDADES COOPERATIVAS DE TRABALHO MEDICO";"PB";"40001.70";"13333.9";"11778.10866801627"
"ARL ADMINISTRADORA DE BENEFÍCIOS LTDA.";"SP";"34080";"11360.0";"9838.048586991223"
"ASSOCIAÇÃO FCA SAÚDE";"MG";"2.04";"0.68";"0.5888972745734182"
"BCI ADMINISTRADORA DE BENEFÍCIOS LTDA.";"SP";"0";"0.0";"0.0"
"SAUDE VIVA ADMINISTRADORA DE BENEFICIOS LTDA";"SP";"0";"0.0";"0.0"
"INTERCLINICAS PLANO VIDA USA OPERADORA DE SAUDE LTDA";"SP";"0";"0.0";"0.0"
"AMPLITUDE PLANOS DE SAUDE LTDA ";"MG";"0";"0.0";"0.0"
"HOSPITAL MATERNIDADE SÃO VICENTE DE PAULO";"CE";"0";"0.0";"0.0"
"MEDISERVICE OPERADORA DE PLANOS DE SAÚDE S.A.";"SP";"0.00";"0.0";"0.0"
"SALUPLAN ADMINISTRADORA DE BENEFÍCIOS LTDA";"SP";"0";"0.0";"0.0"
"ATIMED ASSISTENCIA MEDICA LTDA";"SP";"0";"0.0";""
"UNIMED VALE DO PARAÍBA - FEDERAÇÃO INTRAFEDERATIVA DAS COOPERATIVAS MÉDICAS";"SP";"0.00";"0.0";"0.0"
"UNIVIDA USA OPERADORA EM SAUDE S/A";"SP";"0";"0.0";"0.0"
"BIORAL SISTEMA ODONTOLÓGICO LTDA.";"SP";"0";"0.0";"0.0"
"PRO-SAUDE JARINU ASSISTENCIA MEDICA SUPLEMENTAR LTDA.";"SP";"0";"0.0";"0.0"
"POSTAL SAÚDE CAIXA DE ASSISTÊNCIA E SAÚDE DOS EMPREGADOS DOS CORREIOS";"DF";"0.00";"0.0";"0.0"
"BIT LIFE BENEFÍCIOS LTDA";"SP";"0";"0.0";"0.0"
"BRADESCO SAÚDE - OPERADORA DE PLANOS  S/A";"SP";"0.00";"0.0";"0.0"
"NEXO - ADMINISTRADORA DE BENEFICIOS LTDA";"SP";"0";"0.0";"0.0"
"AFFIX ADMINISTRADORA DE BENEFÍCIOS LTDA";"SP";"0";"0.0";"0.0"
"FUNDAÇÃO FIAT SAÚDE E BEM ESTAR";"MG";"0.00";"0.0";"0.0"
"ESPLENDOR ADMINISTRADORA DE BENEFÍCIOS LTDA.";"DF";"0";"0.0";"0.0"
"ELITE SAUDE SERVICOS MEDICOS LTDA.";"SP";"0";"0.0";"0.0"
"TOTAL SAUDE  ADMINISTRADORA DE BENEFICIOS EIRELI";"ES";"0";"0.0";"0.0"
"UNIC ASSISTENCIA MEDICA LTDA";"SP";"0";"0.0";""
"HEALTH ADMINISTRADORA DE BENEFICIOS LTDA";"SP";"0";"0.0";""
"ASSOCIAÇÃO DO FISCO DE ALAGOAS";"AL";"-29249404.92";"-9749801.64";"9116674.191570248"
